source,target,relationship,strength,criticality,throughput,latency
A1,N2,RUNS_ON,,,,
A2,N1,RUNS_ON,,,,
A3,N1,RUNS_ON,,,,
A3,N4,RUNS_ON,,,,
A3,N9,RUNS_ON,,,,
A4,N1,RUNS_ON,,,,
A4,N3,RUNS_ON,,,,
A5,N4,RUNS_ON,,,,
A5,N3,RUNS_ON,,,,
A5,N8,RUNS_ON,,,,
A6,N2,RUNS_ON,,,,
A6,N4,RUNS_ON,,,,
A6,N8,RUNS_ON,,,,
A6,N6,RUNS_ON,,,,
A7,N5,RUNS_ON,,,,
A8,N6,RUNS_ON,,,,
A9,N3,RUNS_ON,,,,
A10,N10,RUNS_ON,,,,
A11,N10,RUNS_ON,,,,
A12,N2,RUNS_ON,,,,
A12,N3,RUNS_ON,,,,
A13,N5,RUNS_ON,,,,
A14,N2,RUNS_ON,,,,
A15,N10,RUNS_ON,,,,
A16,N1,RUNS_ON,,,,
A17,N5,RUNS_ON,,,,
A18,N10,RUNS_ON,,,,
A19,N7,RUNS_ON,,,,
A20,N7,RUNS_ON,,,,
A21,N4,RUNS_ON,,,,
A22,N2,RUNS_ON,,,,
A23,N10,RUNS_ON,,,,
A24,N4,RUNS_ON,,,,
A24,N2,RUNS_ON,,,,
A25,N5,RUNS_ON,,,,
A25,N2,RUNS_ON,,,,
A25,N1,RUNS_ON,,,,
A25,N3,RUNS_ON,,,,
A26,N9,RUNS_ON,,,,
A27,N7,RUNS_ON,,,,
A28,N6,RUNS_ON,,,,
A29,N2,RUNS_ON,,,,
A30,N9,RUNS_ON,,,,
A31,N6,RUNS_ON,,,,
A31,N1,RUNS_ON,,,,
A32,N7,RUNS_ON,,,,
A33,N8,RUNS_ON,,,,
A34,N2,RUNS_ON,,,,
A34,N7,RUNS_ON,,,,
A34,N6,RUNS_ON,,,,
A35,N8,RUNS_ON,,,,
A36,N3,RUNS_ON,,,,
A37,N7,RUNS_ON,,,,
A38,N3,RUNS_ON,,,,
A39,N9,RUNS_ON,,,,
A40,N5,RUNS_ON,,,,
A41,N10,RUNS_ON,,,,
A41,N9,RUNS_ON,,,,
A42,N8,RUNS_ON,,,,
A43,N8,RUNS_ON,,,,
A44,N7,RUNS_ON,,,,
A45,N10,RUNS_ON,,,,
A46,N5,RUNS_ON,,,,
A47,N6,RUNS_ON,,,,
A48,N4,RUNS_ON,,,,
A49,N2,RUNS_ON,,,,
A50,N5,RUNS_ON,,,,
A29,T1,PUBLISHES_TO,,,,
A16,T1,PUBLISHES_TO,,,,
A22,T2,PUBLISHES_TO,,,,
A23,T3,PUBLISHES_TO,,,,
A17,T3,PUBLISHES_TO,,,,
A22,T3,PUBLISHES_TO,,,,
A13,T4,PUBLISHES_TO,,,,
A36,T5,PUBLISHES_TO,,,,
A49,T5,PUBLISHES_TO,,,,
A45,T6,PUBLISHES_TO,,,,
A31,T6,PUBLISHES_TO,,,,
A46,T7,PUBLISHES_TO,,,,
A32,T7,PUBLISHES_TO,,,,
A29,T7,PUBLISHES_TO,,,,
A16,T8,PUBLISHES_TO,,,,
A20,T8,PUBLISHES_TO,,,,
A43,T8,PUBLISHES_TO,,,,
A23,T9,PUBLISHES_TO,,,,
A28,T9,PUBLISHES_TO,,,,
A48,T9,PUBLISHES_TO,,,,
A20,T10,PUBLISHES_TO,,,,
A17,T10,PUBLISHES_TO,,,,
A48,T11,PUBLISHES_TO,,,,
A35,T11,PUBLISHES_TO,,,,
A12,T12,PUBLISHES_TO,,,,
A18,T13,PUBLISHES_TO,,,,
A47,T13,PUBLISHES_TO,,,,
A39,T14,PUBLISHES_TO,,,,
A19,T14,PUBLISHES_TO,,,,
A24,T15,PUBLISHES_TO,,,,
A12,T15,PUBLISHES_TO,,,,
A3,T16,PUBLISHES_TO,,,,
A4,T16,PUBLISHES_TO,,,,
A36,T16,PUBLISHES_TO,,,,
A49,T17,PUBLISHES_TO,,,,
A32,T17,PUBLISHES_TO,,,,
A37,T18,PUBLISHES_TO,,,,
A19,T18,PUBLISHES_TO,,,,
A31,T18,PUBLISHES_TO,,,,
A22,T19,PUBLISHES_TO,,,,
A12,T19,PUBLISHES_TO,,,,
A4,T19,PUBLISHES_TO,,,,
A37,T20,PUBLISHES_TO,,,,
A20,T21,PUBLISHES_TO,,,,
A27,T22,PUBLISHES_TO,,,,
A29,T23,PUBLISHES_TO,,,,
A38,T24,PUBLISHES_TO,,,,
A28,T24,PUBLISHES_TO,,,,
A20,T24,PUBLISHES_TO,,,,
A14,T25,PUBLISHES_TO,,,,
A17,T25,PUBLISHES_TO,,,,
A43,T25,PUBLISHES_TO,,,,
A36,T26,PUBLISHES_TO,,,,
A5,T26,PUBLISHES_TO,,,,
A1,T27,PUBLISHES_TO,,,,
A27,T27,PUBLISHES_TO,,,,
A15,T28,PUBLISHES_TO,,,,
A19,T28,PUBLISHES_TO,,,,
A46,T28,PUBLISHES_TO,,,,
A45,T29,PUBLISHES_TO,,,,
A30,T29,PUBLISHES_TO,,,,
A5,T29,PUBLISHES_TO,,,,
A38,T30,PUBLISHES_TO,,,,
A43,T30,PUBLISHES_TO,,,,
A8,T31,PUBLISHES_TO,,,,
A35,T31,PUBLISHES_TO,,,,
A15,T31,PUBLISHES_TO,,,,
A11,T32,PUBLISHES_TO,,,,
A19,T33,PUBLISHES_TO,,,,
A18,T34,PUBLISHES_TO,,,,
A6,T35,PUBLISHES_TO,,,,
A39,T35,PUBLISHES_TO,,,,
A48,T36,PUBLISHES_TO,,,,
A21,T36,PUBLISHES_TO,,,,
A44,T37,PUBLISHES_TO,,,,
A37,T37,PUBLISHES_TO,,,,
A2,T38,PUBLISHES_TO,,,,
A49,T38,PUBLISHES_TO,,,,
A44,T38,PUBLISHES_TO,,,,
A29,T39,PUBLISHES_TO,,,,
A18,T39,PUBLISHES_TO,,,,
A38,T40,PUBLISHES_TO,,,,
A28,T40,PUBLISHES_TO,,,,
A41,T40,PUBLISHES_TO,,,,
A27,T41,PUBLISHES_TO,,,,
A7,T42,PUBLISHES_TO,,,,
A11,T42,PUBLISHES_TO,,,,
A26,T43,PUBLISHES_TO,,,,
A49,T43,PUBLISHES_TO,,,,
A36,T43,PUBLISHES_TO,,,,
A21,T44,PUBLISHES_TO,,,,
A50,T45,PUBLISHES_TO,,,,
A33,T46,PUBLISHES_TO,,,,
A1,T46,PUBLISHES_TO,,,,
A13,T47,PUBLISHES_TO,,,,
A34,T47,PUBLISHES_TO,,,,
A24,T47,PUBLISHES_TO,,,,
A14,T48,PUBLISHES_TO,,,,
A18,T48,PUBLISHES_TO,,,,
A36,T48,PUBLISHES_TO,,,,
A41,T49,PUBLISHES_TO,,,,
A46,T50,PUBLISHES_TO,,,,
A15,T51,PUBLISHES_TO,,,,
A8,T51,PUBLISHES_TO,,,,
A30,T51,PUBLISHES_TO,,,,
A19,T52,PUBLISHES_TO,,,,
A33,T52,PUBLISHES_TO,,,,
A46,T52,PUBLISHES_TO,,,,
A36,T53,PUBLISHES_TO,,,,
A10,T53,PUBLISHES_TO,,,,
A25,T53,PUBLISHES_TO,,,,
A5,T54,PUBLISHES_TO,,,,
A18,T54,PUBLISHES_TO,,,,
A27,T55,PUBLISHES_TO,,,,
A22,T55,PUBLISHES_TO,,,,
A33,T55,PUBLISHES_TO,,,,
A1,T56,PUBLISHES_TO,,,,
A38,T57,PUBLISHES_TO,,,,
A43,T57,PUBLISHES_TO,,,,
A32,T57,PUBLISHES_TO,,,,
A29,T58,PUBLISHES_TO,,,,
A36,T59,PUBLISHES_TO,,,,
A49,T59,PUBLISHES_TO,,,,
A35,T59,PUBLISHES_TO,,,,
A13,T60,PUBLISHES_TO,,,,
A45,T60,PUBLISHES_TO,,,,
A16,T60,PUBLISHES_TO,,,,
A46,T61,PUBLISHES_TO,,,,
A25,T61,PUBLISHES_TO,,,,
A32,T62,PUBLISHES_TO,,,,
A22,T63,PUBLISHES_TO,,,,
A7,T63,PUBLISHES_TO,,,,
A29,T63,PUBLISHES_TO,,,,
A47,T64,PUBLISHES_TO,,,,
A10,T64,PUBLISHES_TO,,,,
A42,T65,PUBLISHES_TO,,,,
A42,T66,PUBLISHES_TO,,,,
A21,T67,PUBLISHES_TO,,,,
A41,T67,PUBLISHES_TO,,,,
A16,T68,PUBLISHES_TO,,,,
A41,T68,PUBLISHES_TO,,,,
A46,T69,PUBLISHES_TO,,,,
A7,T69,PUBLISHES_TO,,,,
A20,T70,PUBLISHES_TO,,,,
A2,T70,PUBLISHES_TO,,,,
A21,T71,PUBLISHES_TO,,,,
A4,T71,PUBLISHES_TO,,,,
A10,T72,PUBLISHES_TO,,,,
A16,T72,PUBLISHES_TO,,,,
A37,T73,PUBLISHES_TO,,,,
A44,T73,PUBLISHES_TO,,,,
A12,T73,PUBLISHES_TO,,,,
A25,T74,PUBLISHES_TO,,,,
A40,T74,PUBLISHES_TO,,,,
A10,T75,PUBLISHES_TO,,,,
A15,T75,PUBLISHES_TO,,,,
A30,T75,PUBLISHES_TO,,,,
A30,T76,PUBLISHES_TO,,,,
A17,T76,PUBLISHES_TO,,,,
A43,T76,PUBLISHES_TO,,,,
A30,T77,PUBLISHES_TO,,,,
A38,T78,PUBLISHES_TO,,,,
A20,T78,PUBLISHES_TO,,,,
A41,T78,PUBLISHES_TO,,,,
A20,T79,PUBLISHES_TO,,,,
A25,T80,PUBLISHES_TO,,,,
A31,T80,PUBLISHES_TO,,,,
A7,T80,PUBLISHES_TO,,,,
A23,T81,PUBLISHES_TO,,,,
A37,T81,PUBLISHES_TO,,,,
A18,T82,PUBLISHES_TO,,,,
A48,T83,PUBLISHES_TO,,,,
A4,T83,PUBLISHES_TO,,,,
A39,T83,PUBLISHES_TO,,,,
A15,T84,PUBLISHES_TO,,,,
A41,T84,PUBLISHES_TO,,,,
A13,T84,PUBLISHES_TO,,,,
A49,T85,PUBLISHES_TO,,,,
A41,T86,PUBLISHES_TO,,,,
A42,T86,PUBLISHES_TO,,,,
A3,T87,PUBLISHES_TO,,,,
A38,T87,PUBLISHES_TO,,,,
A24,T87,PUBLISHES_TO,,,,
A12,T88,PUBLISHES_TO,,,,
A13,T88,PUBLISHES_TO,,,,
A9,T88,PUBLISHES_TO,,,,
A33,T89,PUBLISHES_TO,,,,
A11,T90,PUBLISHES_TO,,,,
A17,T90,PUBLISHES_TO,,,,
A22,T91,PUBLISHES_TO,,,,
A26,T92,PUBLISHES_TO,,,,
A6,T93,PUBLISHES_TO,,,,
A44,T94,PUBLISHES_TO,,,,
A48,T94,PUBLISHES_TO,,,,
A38,T95,PUBLISHES_TO,,,,
A31,T96,PUBLISHES_TO,,,,
A2,T96,PUBLISHES_TO,,,,
A5,T97,PUBLISHES_TO,,,,
A41,T97,PUBLISHES_TO,,,,
A30,T97,PUBLISHES_TO,,,,
A3,T98,PUBLISHES_TO,,,,
A20,T98,PUBLISHES_TO,,,,
A35,T99,PUBLISHES_TO,,,,
A9,T99,PUBLISHES_TO,,,,
A25,T99,PUBLISHES_TO,,,,
A48,T100,PUBLISHES_TO,,,,
A45,T100,PUBLISHES_TO,,,,
A49,T1,SUBSCRIBES_TO,,,,
A30,T1,SUBSCRIBES_TO,,,,
A37,T1,SUBSCRIBES_TO,,,,
A40,T1,SUBSCRIBES_TO,,,,
A43,T1,SUBSCRIBES_TO,,,,
A25,T1,SUBSCRIBES_TO,,,,
A2,T2,SUBSCRIBES_TO,,,,
A32,T2,SUBSCRIBES_TO,,,,
A21,T2,SUBSCRIBES_TO,,,,
A12,T2,SUBSCRIBES_TO,,,,
A49,T2,SUBSCRIBES_TO,,,,
A14,T2,SUBSCRIBES_TO,,,,
A18,T3,SUBSCRIBES_TO,,,,
A39,T3,SUBSCRIBES_TO,,,,
A45,T3,SUBSCRIBES_TO,,,,
A50,T3,SUBSCRIBES_TO,,,,
A36,T3,SUBSCRIBES_TO,,,,
A1,T3,SUBSCRIBES_TO,,,,
A34,T3,SUBSCRIBES_TO,,,,
A6,T4,SUBSCRIBES_TO,,,,
A16,T4,SUBSCRIBES_TO,,,,
A47,T4,SUBSCRIBES_TO,,,,
A27,T4,SUBSCRIBES_TO,,,,
A32,T4,SUBSCRIBES_TO,,,,
A16,T5,SUBSCRIBES_TO,,,,
A42,T6,SUBSCRIBES_TO,,,,
A2,T7,SUBSCRIBES_TO,,,,
A6,T7,SUBSCRIBES_TO,,,,
A19,T7,SUBSCRIBES_TO,,,,
A15,T7,SUBSCRIBES_TO,,,,
A26,T7,SUBSCRIBES_TO,,,,
A45,T7,SUBSCRIBES_TO,,,,
A38,T8,SUBSCRIBES_TO,,,,
A24,T8,SUBSCRIBES_TO,,,,
A31,T8,SUBSCRIBES_TO,,,,
A36,T8,SUBSCRIBES_TO,,,,
A34,T8,SUBSCRIBES_TO,,,,
A36,T9,SUBSCRIBES_TO,,,,
A22,T9,SUBSCRIBES_TO,,,,
A23,T9,SUBSCRIBES_TO,,,,
A45,T9,SUBSCRIBES_TO,,,,
A30,T9,SUBSCRIBES_TO,,,,
A18,T9,SUBSCRIBES_TO,,,,
A15,T10,SUBSCRIBES_TO,,,,
A8,T10,SUBSCRIBES_TO,,,,
A47,T10,SUBSCRIBES_TO,,,,
A13,T10,SUBSCRIBES_TO,,,,
A21,T10,SUBSCRIBES_TO,,,,
A49,T10,SUBSCRIBES_TO,,,,
A49,T11,SUBSCRIBES_TO,,,,
A45,T11,SUBSCRIBES_TO,,,,
A13,T12,SUBSCRIBES_TO,,,,
A14,T12,SUBSCRIBES_TO,,,,
A48,T12,SUBSCRIBES_TO,,,,
A31,T12,SUBSCRIBES_TO,,,,
A38,T13,SUBSCRIBES_TO,,,,
A49,T13,SUBSCRIBES_TO,,,,
A34,T13,SUBSCRIBES_TO,,,,
A7,T14,SUBSCRIBES_TO,,,,
A13,T14,SUBSCRIBES_TO,,,,
A19,T14,SUBSCRIBES_TO,,,,
A15,T14,SUBSCRIBES_TO,,,,
A20,T15,SUBSCRIBES_TO,,,,
A1,T15,SUBSCRIBES_TO,,,,
A46,T15,SUBSCRIBES_TO,,,,
A35,T15,SUBSCRIBES_TO,,,,
A9,T15,SUBSCRIBES_TO,,,,
A18,T15,SUBSCRIBES_TO,,,,
A19,T16,SUBSCRIBES_TO,,,,
A45,T16,SUBSCRIBES_TO,,,,
A9,T16,SUBSCRIBES_TO,,,,
A41,T16,SUBSCRIBES_TO,,,,
A7,T17,SUBSCRIBES_TO,,,,
A1,T17,SUBSCRIBES_TO,,,,
A31,T18,SUBSCRIBES_TO,,,,
A29,T18,SUBSCRIBES_TO,,,,
A17,T19,SUBSCRIBES_TO,,,,
A31,T19,SUBSCRIBES_TO,,,,
A8,T19,SUBSCRIBES_TO,,,,
A5,T19,SUBSCRIBES_TO,,,,
A26,T19,SUBSCRIBES_TO,,,,
A32,T19,SUBSCRIBES_TO,,,,
A47,T19,SUBSCRIBES_TO,,,,
A41,T20,SUBSCRIBES_TO,,,,
A44,T20,SUBSCRIBES_TO,,,,
A4,T20,SUBSCRIBES_TO,,,,
A10,T20,SUBSCRIBES_TO,,,,
A37,T20,SUBSCRIBES_TO,,,,
A6,T21,SUBSCRIBES_TO,,,,
A16,T21,SUBSCRIBES_TO,,,,
A8,T21,SUBSCRIBES_TO,,,,
A36,T21,SUBSCRIBES_TO,,,,
A49,T21,SUBSCRIBES_TO,,,,
A39,T22,SUBSCRIBES_TO,,,,
A50,T22,SUBSCRIBES_TO,,,,
A40,T22,SUBSCRIBES_TO,,,,
A15,T22,SUBSCRIBES_TO,,,,
A34,T22,SUBSCRIBES_TO,,,,
A25,T22,SUBSCRIBES_TO,,,,
A29,T23,SUBSCRIBES_TO,,,,
A20,T23,SUBSCRIBES_TO,,,,
A37,T24,SUBSCRIBES_TO,,,,
A40,T24,SUBSCRIBES_TO,,,,
A4,T24,SUBSCRIBES_TO,,,,
A49,T24,SUBSCRIBES_TO,,,,
A7,T24,SUBSCRIBES_TO,,,,
A14,T24,SUBSCRIBES_TO,,,,
A41,T24,SUBSCRIBES_TO,,,,
A6,T25,SUBSCRIBES_TO,,,,
A11,T25,SUBSCRIBES_TO,,,,
A16,T25,SUBSCRIBES_TO,,,,
A12,T25,SUBSCRIBES_TO,,,,
A11,T26,SUBSCRIBES_TO,,,,
A29,T27,SUBSCRIBES_TO,,,,
A45,T27,SUBSCRIBES_TO,,,,
A39,T27,SUBSCRIBES_TO,,,,
A31,T27,SUBSCRIBES_TO,,,,
A19,T27,SUBSCRIBES_TO,,,,
A3,T27,SUBSCRIBES_TO,,,,
A19,T28,SUBSCRIBES_TO,,,,
A44,T29,SUBSCRIBES_TO,,,,
A15,T29,SUBSCRIBES_TO,,,,
A17,T29,SUBSCRIBES_TO,,,,
A41,T29,SUBSCRIBES_TO,,,,
A13,T30,SUBSCRIBES_TO,,,,
A28,T30,SUBSCRIBES_TO,,,,
A42,T31,SUBSCRIBES_TO,,,,
A10,T31,SUBSCRIBES_TO,,,,
A18,T31,SUBSCRIBES_TO,,,,
A5,T31,SUBSCRIBES_TO,,,,
A4,T31,SUBSCRIBES_TO,,,,
A20,T32,SUBSCRIBES_TO,,,,
A39,T32,SUBSCRIBES_TO,,,,
A48,T32,SUBSCRIBES_TO,,,,
A37,T32,SUBSCRIBES_TO,,,,
A29,T33,SUBSCRIBES_TO,,,,
A8,T33,SUBSCRIBES_TO,,,,
A30,T33,SUBSCRIBES_TO,,,,
A45,T33,SUBSCRIBES_TO,,,,
A20,T33,SUBSCRIBES_TO,,,,
A47,T33,SUBSCRIBES_TO,,,,
A26,T33,SUBSCRIBES_TO,,,,
A33,T34,SUBSCRIBES_TO,,,,
A35,T34,SUBSCRIBES_TO,,,,
A32,T34,SUBSCRIBES_TO,,,,
A29,T34,SUBSCRIBES_TO,,,,
A3,T35,SUBSCRIBES_TO,,,,
A28,T35,SUBSCRIBES_TO,,,,
A39,T36,SUBSCRIBES_TO,,,,
A17,T36,SUBSCRIBES_TO,,,,
A2,T36,SUBSCRIBES_TO,,,,
A6,T36,SUBSCRIBES_TO,,,,
A15,T36,SUBSCRIBES_TO,,,,
A38,T37,SUBSCRIBES_TO,,,,
A18,T38,SUBSCRIBES_TO,,,,
A37,T38,SUBSCRIBES_TO,,,,
A3,T38,SUBSCRIBES_TO,,,,
A12,T38,SUBSCRIBES_TO,,,,
A31,T38,SUBSCRIBES_TO,,,,
A34,T38,SUBSCRIBES_TO,,,,
A42,T38,SUBSCRIBES_TO,,,,
A12,T39,SUBSCRIBES_TO,,,,
A32,T40,SUBSCRIBES_TO,,,,
A6,T40,SUBSCRIBES_TO,,,,
A31,T40,SUBSCRIBES_TO,,,,
A23,T40,SUBSCRIBES_TO,,,,
A22,T41,SUBSCRIBES_TO,,,,
A21,T41,SUBSCRIBES_TO,,,,
A43,T41,SUBSCRIBES_TO,,,,
A22,T42,SUBSCRIBES_TO,,,,
A27,T42,SUBSCRIBES_TO,,,,
A45,T42,SUBSCRIBES_TO,,,,
A32,T42,SUBSCRIBES_TO,,,,
A19,T42,SUBSCRIBES_TO,,,,
A43,T42,SUBSCRIBES_TO,,,,
A3,T43,SUBSCRIBES_TO,,,,
A30,T43,SUBSCRIBES_TO,,,,
A6,T43,SUBSCRIBES_TO,,,,
A21,T43,SUBSCRIBES_TO,,,,
A17,T43,SUBSCRIBES_TO,,,,
A8,T44,SUBSCRIBES_TO,,,,
A26,T45,SUBSCRIBES_TO,,,,
A43,T46,SUBSCRIBES_TO,,,,
A35,T46,SUBSCRIBES_TO,,,,
A30,T46,SUBSCRIBES_TO,,,,
A27,T46,SUBSCRIBES_TO,,,,
A4,T46,SUBSCRIBES_TO,,,,
A40,T47,SUBSCRIBES_TO,,,,
A49,T47,SUBSCRIBES_TO,,,,
A32,T47,SUBSCRIBES_TO,,,,
A41,T47,SUBSCRIBES_TO,,,,
A29,T47,SUBSCRIBES_TO,,,,
A4,T47,SUBSCRIBES_TO,,,,
A9,T48,SUBSCRIBES_TO,,,,
A19,T48,SUBSCRIBES_TO,,,,
A29,T48,SUBSCRIBES_TO,,,,
A45,T48,SUBSCRIBES_TO,,,,
A32,T48,SUBSCRIBES_TO,,,,
A8,T48,SUBSCRIBES_TO,,,,
A2,T48,SUBSCRIBES_TO,,,,
A39,T49,SUBSCRIBES_TO,,,,
A16,T49,SUBSCRIBES_TO,,,,
A11,T50,SUBSCRIBES_TO,,,,
A20,T50,SUBSCRIBES_TO,,,,
A36,T50,SUBSCRIBES_TO,,,,
A1,T50,SUBSCRIBES_TO,,,,
A48,T50,SUBSCRIBES_TO,,,,
A27,T50,SUBSCRIBES_TO,,,,
A6,T50,SUBSCRIBES_TO,,,,
A8,T51,SUBSCRIBES_TO,,,,
A42,T51,SUBSCRIBES_TO,,,,
A10,T51,SUBSCRIBES_TO,,,,
A32,T51,SUBSCRIBES_TO,,,,
A46,T51,SUBSCRIBES_TO,,,,
A18,T52,SUBSCRIBES_TO,,,,
A27,T52,SUBSCRIBES_TO,,,,
A31,T52,SUBSCRIBES_TO,,,,
A48,T52,SUBSCRIBES_TO,,,,
A16,T52,SUBSCRIBES_TO,,,,
A30,T52,SUBSCRIBES_TO,,,,
A13,T53,SUBSCRIBES_TO,,,,
A39,T53,SUBSCRIBES_TO,,,,
A33,T53,SUBSCRIBES_TO,,,,
A48,T53,SUBSCRIBES_TO,,,,
A9,T53,SUBSCRIBES_TO,,,,
A50,T54,SUBSCRIBES_TO,,,,
A18,T55,SUBSCRIBES_TO,,,,
A19,T56,SUBSCRIBES_TO,,,,
A47,T56,SUBSCRIBES_TO,,,,
A20,T56,SUBSCRIBES_TO,,,,
A38,T56,SUBSCRIBES_TO,,,,
A10,T57,SUBSCRIBES_TO,,,,
A35,T58,SUBSCRIBES_TO,,,,
A31,T58,SUBSCRIBES_TO,,,,
A23,T58,SUBSCRIBES_TO,,,,
A22,T58,SUBSCRIBES_TO,,,,
A25,T59,SUBSCRIBES_TO,,,,
A30,T59,SUBSCRIBES_TO,,,,
A21,T59,SUBSCRIBES_TO,,,,
A37,T60,SUBSCRIBES_TO,,,,
A25,T60,SUBSCRIBES_TO,,,,
A15,T60,SUBSCRIBES_TO,,,,
A27,T60,SUBSCRIBES_TO,,,,
A3,T60,SUBSCRIBES_TO,,,,
A21,T60,SUBSCRIBES_TO,,,,
A31,T60,SUBSCRIBES_TO,,,,
A25,T61,SUBSCRIBES_TO,,,,
A43,T61,SUBSCRIBES_TO,,,,
A42,T61,SUBSCRIBES_TO,,,,
A10,T61,SUBSCRIBES_TO,,,,
A3,T62,SUBSCRIBES_TO,,,,
A9,T62,SUBSCRIBES_TO,,,,
A33,T62,SUBSCRIBES_TO,,,,
A38,T62,SUBSCRIBES_TO,,,,
A7,T63,SUBSCRIBES_TO,,,,
A34,T63,SUBSCRIBES_TO,,,,
A30,T63,SUBSCRIBES_TO,,,,
A1,T63,SUBSCRIBES_TO,,,,
A27,T64,SUBSCRIBES_TO,,,,
A10,T65,SUBSCRIBES_TO,,,,
A5,T65,SUBSCRIBES_TO,,,,
A31,T65,SUBSCRIBES_TO,,,,
A17,T65,SUBSCRIBES_TO,,,,
A22,T65,SUBSCRIBES_TO,,,,
A40,T65,SUBSCRIBES_TO,,,,
A26,T65,SUBSCRIBES_TO,,,,
A6,T66,SUBSCRIBES_TO,,,,
A22,T66,SUBSCRIBES_TO,,,,
A44,T66,SUBSCRIBES_TO,,,,
A35,T66,SUBSCRIBES_TO,,,,
A25,T66,SUBSCRIBES_TO,,,,
A46,T67,SUBSCRIBES_TO,,,,
A49,T67,SUBSCRIBES_TO,,,,
A32,T67,SUBSCRIBES_TO,,,,
A35,T67,SUBSCRIBES_TO,,,,
A3,T67,SUBSCRIBES_TO,,,,
A40,T67,SUBSCRIBES_TO,,,,
A5,T67,SUBSCRIBES_TO,,,,
A44,T68,SUBSCRIBES_TO,,,,
A19,T68,SUBSCRIBES_TO,,,,
A15,T68,SUBSCRIBES_TO,,,,
A6,T68,SUBSCRIBES_TO,,,,
A28,T68,SUBSCRIBES_TO,,,,
A7,T68,SUBSCRIBES_TO,,,,
A41,T68,SUBSCRIBES_TO,,,,
A29,T69,SUBSCRIBES_TO,,,,
A11,T69,SUBSCRIBES_TO,,,,
A45,T69,SUBSCRIBES_TO,,,,
A3,T70,SUBSCRIBES_TO,,,,
A19,T71,SUBSCRIBES_TO,,,,
A23,T71,SUBSCRIBES_TO,,,,
A24,T71,SUBSCRIBES_TO,,,,
A28,T71,SUBSCRIBES_TO,,,,
A34,T72,SUBSCRIBES_TO,,,,
A27,T72,SUBSCRIBES_TO,,,,
A11,T73,SUBSCRIBES_TO,,,,
A12,T73,SUBSCRIBES_TO,,,,
A6,T73,SUBSCRIBES_TO,,,,
A40,T73,SUBSCRIBES_TO,,,,
A44,T74,SUBSCRIBES_TO,,,,
A16,T74,SUBSCRIBES_TO,,,,
A32,T74,SUBSCRIBES_TO,,,,
A38,T74,SUBSCRIBES_TO,,,,
A41,T75,SUBSCRIBES_TO,,,,
A17,T75,SUBSCRIBES_TO,,,,
A1,T76,SUBSCRIBES_TO,,,,
A19,T77,SUBSCRIBES_TO,,,,
A44,T77,SUBSCRIBES_TO,,,,
A35,T77,SUBSCRIBES_TO,,,,
A11,T77,SUBSCRIBES_TO,,,,
A5,T77,SUBSCRIBES_TO,,,,
A29,T77,SUBSCRIBES_TO,,,,
A23,T77,SUBSCRIBES_TO,,,,
A28,T78,SUBSCRIBES_TO,,,,
A45,T78,SUBSCRIBES_TO,,,,
A17,T78,SUBSCRIBES_TO,,,,
A30,T78,SUBSCRIBES_TO,,,,
A13,T79,SUBSCRIBES_TO,,,,
A16,T80,SUBSCRIBES_TO,,,,
A25,T80,SUBSCRIBES_TO,,,,
A37,T80,SUBSCRIBES_TO,,,,
A19,T81,SUBSCRIBES_TO,,,,
A45,T81,SUBSCRIBES_TO,,,,
A2,T81,SUBSCRIBES_TO,,,,
A43,T81,SUBSCRIBES_TO,,,,
A26,T81,SUBSCRIBES_TO,,,,
A1,T82,SUBSCRIBES_TO,,,,
A37,T82,SUBSCRIBES_TO,,,,
A44,T82,SUBSCRIBES_TO,,,,
A50,T82,SUBSCRIBES_TO,,,,
A48,T83,SUBSCRIBES_TO,,,,
A32,T83,SUBSCRIBES_TO,,,,
A19,T83,SUBSCRIBES_TO,,,,
A15,T83,SUBSCRIBES_TO,,,,
A39,T83,SUBSCRIBES_TO,,,,
A23,T83,SUBSCRIBES_TO,,,,
A40,T84,SUBSCRIBES_TO,,,,
A17,T84,SUBSCRIBES_TO,,,,
A44,T84,SUBSCRIBES_TO,,,,
A47,T85,SUBSCRIBES_TO,,,,
A43,T85,SUBSCRIBES_TO,,,,
A44,T85,SUBSCRIBES_TO,,,,
A9,T85,SUBSCRIBES_TO,,,,
A41,T85,SUBSCRIBES_TO,,,,
A7,T85,SUBSCRIBES_TO,,,,
A3,T86,SUBSCRIBES_TO,,,,
A20,T86,SUBSCRIBES_TO,,,,
A29,T86,SUBSCRIBES_TO,,,,
A47,T87,SUBSCRIBES_TO,,,,
A9,T87,SUBSCRIBES_TO,,,,
A6,T87,SUBSCRIBES_TO,,,,
A19,T87,SUBSCRIBES_TO,,,,
A21,T87,SUBSCRIBES_TO,,,,
A27,T87,SUBSCRIBES_TO,,,,
A35,T88,SUBSCRIBES_TO,,,,
A24,T88,SUBSCRIBES_TO,,,,
A34,T88,SUBSCRIBES_TO,,,,
A18,T89,SUBSCRIBES_TO,,,,
A31,T90,SUBSCRIBES_TO,,,,
A19,T90,SUBSCRIBES_TO,,,,
A48,T90,SUBSCRIBES_TO,,,,
A8,T91,SUBSCRIBES_TO,,,,
A30,T91,SUBSCRIBES_TO,,,,
A5,T91,SUBSCRIBES_TO,,,,
A10,T91,SUBSCRIBES_TO,,,,
A15,T91,SUBSCRIBES_TO,,,,
A44,T91,SUBSCRIBES_TO,,,,
A45,T91,SUBSCRIBES_TO,,,,
A36,T92,SUBSCRIBES_TO,,,,
A24,T92,SUBSCRIBES_TO,,,,
A26,T93,SUBSCRIBES_TO,,,,
A1,T93,SUBSCRIBES_TO,,,,
A17,T93,SUBSCRIBES_TO,,,,
A35,T93,SUBSCRIBES_TO,,,,
A8,T93,SUBSCRIBES_TO,,,,
A30,T93,SUBSCRIBES_TO,,,,
A24,T93,SUBSCRIBES_TO,,,,
A44,T94,SUBSCRIBES_TO,,,,
A17,T94,SUBSCRIBES_TO,,,,
A25,T95,SUBSCRIBES_TO,,,,
A41,T95,SUBSCRIBES_TO,,,,
A24,T95,SUBSCRIBES_TO,,,,
A7,T95,SUBSCRIBES_TO,,,,
A44,T95,SUBSCRIBES_TO,,,,
A15,T95,SUBSCRIBES_TO,,,,
A40,T96,SUBSCRIBES_TO,,,,
A36,T96,SUBSCRIBES_TO,,,,
A21,T96,SUBSCRIBES_TO,,,,
A50,T96,SUBSCRIBES_TO,,,,
A15,T96,SUBSCRIBES_TO,,,,
A42,T96,SUBSCRIBES_TO,,,,
A45,T97,SUBSCRIBES_TO,,,,
A20,T97,SUBSCRIBES_TO,,,,
A42,T97,SUBSCRIBES_TO,,,,
A27,T97,SUBSCRIBES_TO,,,,
A8,T97,SUBSCRIBES_TO,,,,
A9,T97,SUBSCRIBES_TO,,,,
A3,T97,SUBSCRIBES_TO,,,,
A32,T98,SUBSCRIBES_TO,,,,
A8,T98,SUBSCRIBES_TO,,,,
A7,T98,SUBSCRIBES_TO,,,,
A16,T98,SUBSCRIBES_TO,,,,
A30,T99,SUBSCRIBES_TO,,,,
A24,T99,SUBSCRIBES_TO,,,,
A43,T99,SUBSCRIBES_TO,,,,
A35,T100,SUBSCRIBES_TO,,,,
A27,T100,SUBSCRIBES_TO,,,,
A38,T100,SUBSCRIBES_TO,,,,
A48,T100,SUBSCRIBES_TO,,,,
A47,T100,SUBSCRIBES_TO,,,,
B1,T1,ROUTES,,,,
B2,T2,ROUTES,,,,
B1,T3,ROUTES,,,,
B2,T4,ROUTES,,,,
B1,T5,ROUTES,,,,
B2,T5,ROUTES,,,,
B2,T6,ROUTES,,,,
B1,T7,ROUTES,,,,
B2,T8,ROUTES,,,,
B1,T9,ROUTES,,,,
B2,T10,ROUTES,,,,
B1,T10,ROUTES,,,,
B1,T11,ROUTES,,,,
B2,T11,ROUTES,,,,
B2,T12,ROUTES,,,,
B1,T13,ROUTES,,,,
B2,T14,ROUTES,,,,
B1,T15,ROUTES,,,,
B2,T16,ROUTES,,,,
B1,T16,ROUTES,,,,
B1,T17,ROUTES,,,,
B2,T17,ROUTES,,,,
B2,T18,ROUTES,,,,
B1,T18,ROUTES,,,,
B1,T19,ROUTES,,,,
B2,T20,ROUTES,,,,
B1,T20,ROUTES,,,,
B1,T21,ROUTES,,,,
B2,T21,ROUTES,,,,
B2,T22,ROUTES,,,,
B1,T22,ROUTES,,,,
B1,T23,ROUTES,,,,
B2,T24,ROUTES,,,,
B1,T24,ROUTES,,,,
B1,T25,ROUTES,,,,
B2,T25,ROUTES,,,,
B2,T26,ROUTES,,,,
B1,T26,ROUTES,,,,
B1,T27,ROUTES,,,,
B2,T28,ROUTES,,,,
B1,T28,ROUTES,,,,
B1,T29,ROUTES,,,,
B2,T30,ROUTES,,,,
B1,T31,ROUTES,,,,
B2,T32,ROUTES,,,,
B1,T32,ROUTES,,,,
B1,T33,ROUTES,,,,
B2,T34,ROUTES,,,,
B1,T34,ROUTES,,,,
B1,T35,ROUTES,,,,
B2,T35,ROUTES,,,,
B2,T36,ROUTES,,,,
B1,T36,ROUTES,,,,
B1,T37,ROUTES,,,,
B2,T38,ROUTES,,,,
B1,T39,ROUTES,,,,
B2,T39,ROUTES,,,,
B2,T40,ROUTES,,,,
B1,T40,ROUTES,,,,
B1,T41,ROUTES,,,,
B2,T42,ROUTES,,,,
B1,T43,ROUTES,,,,
B2,T44,ROUTES,,,,
B1,T45,ROUTES,,,,
B2,T46,ROUTES,,,,
B1,T46,ROUTES,,,,
B1,T47,ROUTES,,,,
B2,T48,ROUTES,,,,
B1,T49,ROUTES,,,,
B2,T49,ROUTES,,,,
B2,T50,ROUTES,,,,
B1,T51,ROUTES,,,,
B2,T52,ROUTES,,,,
B1,T52,ROUTES,,,,
B1,T53,ROUTES,,,,
B2,T54,ROUTES,,,,
B1,T55,ROUTES,,,,
B2,T56,ROUTES,,,,
B1,T57,ROUTES,,,,
B2,T57,ROUTES,,,,
B2,T58,ROUTES,,,,
B1,T59,ROUTES,,,,
B2,T60,ROUTES,,,,
B1,T61,ROUTES,,,,
B2,T62,ROUTES,,,,
B1,T63,ROUTES,,,,
B2,T64,ROUTES,,,,
B1,T65,ROUTES,,,,
B2,T65,ROUTES,,,,
B2,T66,ROUTES,,,,
B1,T67,ROUTES,,,,
B2,T67,ROUTES,,,,
B2,T68,ROUTES,,,,
B1,T68,ROUTES,,,,
B1,T69,ROUTES,,,,
B2,T69,ROUTES,,,,
B2,T70,ROUTES,,,,
B1,T70,ROUTES,,,,
B1,T71,ROUTES,,,,
B2,T72,ROUTES,,,,
B1,T73,ROUTES,,,,
B2,T73,ROUTES,,,,
B2,T74,ROUTES,,,,
B1,T74,ROUTES,,,,
B1,T75,ROUTES,,,,
B2,T75,ROUTES,,,,
B2,T76,ROUTES,,,,
B1,T76,ROUTES,,,,
B1,T77,ROUTES,,,,
B2,T78,ROUTES,,,,
B1,T78,ROUTES,,,,
B1,T79,ROUTES,,,,
B2,T80,ROUTES,,,,
B1,T81,ROUTES,,,,
B2,T82,ROUTES,,,,
B1,T82,ROUTES,,,,
B1,T83,ROUTES,,,,
B2,T84,ROUTES,,,,
B1,T84,ROUTES,,,,
B1,T85,ROUTES,,,,
B2,T86,ROUTES,,,,
B1,T86,ROUTES,,,,
B1,T87,ROUTES,,,,
B2,T88,ROUTES,,,,
B1,T88,ROUTES,,,,
B1,T89,ROUTES,,,,
B2,T89,ROUTES,,,,
B2,T90,ROUTES,,,,
B1,T91,ROUTES,,,,
B2,T91,ROUTES,,,,
B2,T92,ROUTES,,,,
B1,T92,ROUTES,,,,
B1,T93,ROUTES,,,,
B2,T93,ROUTES,,,,
B2,T94,ROUTES,,,,
B1,T95,ROUTES,,,,
B2,T96,ROUTES,,,,
B1,T96,ROUTES,,,,
B1,T97,ROUTES,,,,
B2,T97,ROUTES,,,,
B2,T98,ROUTES,,,,
B1,T98,ROUTES,,,,
B1,T99,ROUTES,,,,
B2,T99,ROUTES,,,,
B2,T100,ROUTES,,,,
A19,A1,DEPENDS_ON,0.75,REQUIRED,10214.43736730361,
A47,A1,DEPENDS_ON,0.5,OPTIONAL,1529.494382022472,
A38,A1,DEPENDS_ON,0.5,OPTIONAL,1529.494382022472,
A20,A1,DEPENDS_ON,0.5,OPTIONAL,1529.494382022472,
A39,A1,DEPENDS_ON,0.75,REQUIRED,10214.43736730361,
A3,A1,DEPENDS_ON,0.75,REQUIRED,10214.43736730361,
A45,A1,DEPENDS_ON,0.75,REQUIRED,10214.43736730361,
A31,A1,DEPENDS_ON,0.75,REQUIRED,10214.43736730361,
A29,A1,DEPENDS_ON,0.75,REQUIRED,10214.43736730361,
A30,A1,DEPENDS_ON,0.5,REQUIRED,63333.33333333333,
A43,A1,DEPENDS_ON,0.5,REQUIRED,63333.33333333333,
A4,A1,DEPENDS_ON,0.5,REQUIRED,63333.33333333333,
A27,A1,DEPENDS_ON,0.5,REQUIRED,63333.33333333333,
A35,A1,DEPENDS_ON,0.5,REQUIRED,63333.33333333333,
A37,A2,DEPENDS_ON,0.75,REQUIRED,8914.826498422712,
A18,A2,DEPENDS_ON,0.75,REQUIRED,8914.826498422712,
A31,A2,DEPENDS_ON,0.75,REQUIRED,8914.826498422712,
A42,A2,DEPENDS_ON,0.75,REQUIRED,6132.243684992571,
A34,A2,DEPENDS_ON,0.75,REQUIRED,8914.826498422712,
A3,A2,DEPENDS_ON,0.75,CRITICAL,6712.44635193133,
A12,A2,DEPENDS_ON,0.75,REQUIRED,8914.826498422712,
A15,A2,DEPENDS_ON,0.75,REQUIRED,6132.243684992571,
A50,A2,DEPENDS_ON,0.75,REQUIRED,6132.243684992571,
A36,A2,DEPENDS_ON,0.75,REQUIRED,6132.243684992571,
A40,A2,DEPENDS_ON,0.75,REQUIRED,6132.243684992571,
A21,A2,DEPENDS_ON,0.75,REQUIRED,6132.243684992571,
A45,A3,DEPENDS_ON,1.0,CRITICAL,7351.145038167939,
A41,A3,DEPENDS_ON,1.0,CRITICAL,7351.145038167939,
A19,A3,DEPENDS_ON,0.75,REQUIRED,9313.447927199191,
A9,A3,DEPENDS_ON,0.75,REQUIRED,9313.447927199191,
A6,A3,DEPENDS_ON,0.75,REQUIRED,9313.447927199191,
A27,A3,DEPENDS_ON,0.75,REQUIRED,9313.447927199191,
A47,A3,DEPENDS_ON,0.75,REQUIRED,9313.447927199191,
A21,A3,DEPENDS_ON,0.75,REQUIRED,9313.447927199191,
A8,A3,DEPENDS_ON,1.0,CRITICAL,11016.548463356974,
A7,A3,DEPENDS_ON,1.0,CRITICAL,11016.548463356974,
A16,A3,DEPENDS_ON,1.0,CRITICAL,11016.548463356974,
A32,A3,DEPENDS_ON,1.0,CRITICAL,11016.548463356974,
A32,A4,DEPENDS_ON,0.5,OPTIONAL,5878.552971576228,
A17,A4,DEPENDS_ON,0.5,OPTIONAL,5895.591647331787,
A47,A4,DEPENDS_ON,0.5,OPTIONAL,5895.591647331787,
A26,A4,DEPENDS_ON,0.5,OPTIONAL,5895.591647331787,
A5,A4,DEPENDS_ON,0.5,OPTIONAL,5895.591647331787,
A8,A4,DEPENDS_ON,0.5,OPTIONAL,5895.591647331787,
A31,A4,DEPENDS_ON,0.5,OPTIONAL,5895.591647331787,
A23,A4,DEPENDS_ON,0.75,OPTIONAL,8434.65909090909,
A19,A4,DEPENDS_ON,1.0,CRITICAL,17604.938271604937,
A39,A4,DEPENDS_ON,0.5,OPTIONAL,5878.552971576228,
A15,A4,DEPENDS_ON,0.5,OPTIONAL,5878.552971576228,
A48,A4,DEPENDS_ON,0.5,OPTIONAL,5878.552971576228,
A24,A4,DEPENDS_ON,0.75,OPTIONAL,8434.65909090909,
A28,A4,DEPENDS_ON,0.75,OPTIONAL,8434.65909090909,
A45,A4,DEPENDS_ON,1.0,CRITICAL,17604.938271604937,
A41,A4,DEPENDS_ON,1.0,CRITICAL,17604.938271604937,
A9,A4,DEPENDS_ON,1.0,CRITICAL,17604.938271604937,
A50,A5,DEPENDS_ON,0.75,OPTIONAL,7287.817938420348,
A15,A5,DEPENDS_ON,0.75,REQUIRED,75416.66666666666,
A41,A5,DEPENDS_ON,0.75,REQUIRED,75416.66666666666,
A17,A5,DEPENDS_ON,0.75,REQUIRED,75416.66666666666,
A44,A5,DEPENDS_ON,0.75,REQUIRED,75416.66666666666,
A11,A5,DEPENDS_ON,1.0,CRITICAL,2425.3075571177505,
A27,A5,DEPENDS_ON,1.0,CRITICAL,92179.10447761194,
A42,A5,DEPENDS_ON,1.0,CRITICAL,92179.10447761194,
A8,A5,DEPENDS_ON,1.0,CRITICAL,92179.10447761194,
A3,A5,DEPENDS_ON,1.0,CRITICAL,92179.10447761194,
A9,A5,DEPENDS_ON,1.0,CRITICAL,92179.10447761194,
A20,A5,DEPENDS_ON,1.0,CRITICAL,92179.10447761194,
A45,A5,DEPENDS_ON,1.0,CRITICAL,92179.10447761194,
A1,A6,DEPENDS_ON,1.0,CRITICAL,4088.888888888889,
A8,A6,DEPENDS_ON,1.0,CRITICAL,4088.888888888889,
A17,A6,DEPENDS_ON,1.0,CRITICAL,4088.888888888889,
A26,A6,DEPENDS_ON,1.0,CRITICAL,4088.888888888889,
A30,A6,DEPENDS_ON,1.0,CRITICAL,4088.888888888889,
A24,A6,DEPENDS_ON,1.0,CRITICAL,4088.888888888889,
A35,A6,DEPENDS_ON,1.0,CRITICAL,4088.888888888889,
A3,A6,DEPENDS_ON,0.75,REQUIRED,19025.706940874035,
A28,A6,DEPENDS_ON,0.75,REQUIRED,19025.706940874035,
A16,A7,DEPENDS_ON,0.75,REQUIRED,8274.212368728122,
A37,A7,DEPENDS_ON,0.75,REQUIRED,8274.212368728122,
A25,A7,DEPENDS_ON,0.75,REQUIRED,8274.212368728122,
A29,A7,DEPENDS_ON,1.0,CRITICAL,204711.1111111111,
A11,A7,DEPENDS_ON,1.0,CRITICAL,204711.1111111111,
A45,A7,DEPENDS_ON,0.5,OPTIONAL,711.038961038961,
A43,A7,DEPENDS_ON,0.5,OPTIONAL,711.038961038961,
A32,A7,DEPENDS_ON,0.5,OPTIONAL,711.038961038961,
A22,A7,DEPENDS_ON,0.5,OPTIONAL,711.038961038961,
A19,A7,DEPENDS_ON,0.5,OPTIONAL,711.038961038961,
A27,A7,DEPENDS_ON,0.5,OPTIONAL,711.038961038961,
A30,A7,DEPENDS_ON,0.75,REQUIRED,4763.018065887353,
A34,A7,DEPENDS_ON,0.75,REQUIRED,4763.018065887353,
A1,A7,DEPENDS_ON,0.75,REQUIRED,4763.018065887353,
A7,A7,DEPENDS_ON,0.75,REQUIRED,4763.018065887353,
A5,A8,DEPENDS_ON,0.5,OPTIONAL,21564.705882352944,
A18,A8,DEPENDS_ON,0.5,OPTIONAL,21564.705882352944,
A10,A8,DEPENDS_ON,0.75,REQUIRED,3469.4117647058824,
A4,A8,DEPENDS_ON,0.5,OPTIONAL,21564.705882352944,
A42,A8,DEPENDS_ON,0.75,REQUIRED,3469.4117647058824,
A32,A8,DEPENDS_ON,0.75,REQUIRED,3469.4117647058824,
A8,A8,DEPENDS_ON,0.75,REQUIRED,3469.4117647058824,
A46,A8,DEPENDS_ON,0.75,REQUIRED,3469.4117647058824,
A35,A9,DEPENDS_ON,1.0,REQUIRED,21218.59296482412,
A34,A9,DEPENDS_ON,1.0,REQUIRED,21218.59296482412,
A24,A9,DEPENDS_ON,0.5,REQUIRED,7388.998035363457,
A43,A9,DEPENDS_ON,0.5,REQUIRED,7388.998035363457,
A30,A9,DEPENDS_ON,0.5,REQUIRED,7388.998035363457,
A13,A10,DEPENDS_ON,0.75,REQUIRED,22086.124401913876,
A39,A10,DEPENDS_ON,0.75,REQUIRED,22086.124401913876,
A33,A10,DEPENDS_ON,0.75,REQUIRED,22086.124401913876,
A9,A10,DEPENDS_ON,0.75,REQUIRED,22086.124401913876,
A48,A10,DEPENDS_ON,0.75,REQUIRED,22086.124401913876,
A27,A10,DEPENDS_ON,0.5,REQUIRED,9025.954198473282,
A34,A10,DEPENDS_ON,0.5,REQUIRED,9025.954198473282,
A41,A10,DEPENDS_ON,0.75,CRITICAL,1486.42779587405,
A17,A10,DEPENDS_ON,0.75,CRITICAL,1486.42779587405,
A48,A11,DEPENDS_ON,0.75,REQUIRED,21545.945945945947,
A31,A11,DEPENDS_ON,0.75,OPTIONAL,10229.957805907174,
A19,A11,DEPENDS_ON,0.5,OPTIONAL,5661.588683351469,
A37,A11,DEPENDS_ON,0.75,REQUIRED,21545.945945945947,
A20,A11,DEPENDS_ON,0.75,REQUIRED,21545.945945945947,
A39,A11,DEPENDS_ON,0.75,REQUIRED,21545.945945945947,
A43,A11,DEPENDS_ON,0.5,OPTIONAL,5661.588683351469,
A32,A11,DEPENDS_ON,0.5,OPTIONAL,5661.588683351469,
A22,A11,DEPENDS_ON,0.5,OPTIONAL,5661.588683351469,
A27,A11,DEPENDS_ON,0.5,OPTIONAL,5661.588683351469,
A45,A11,DEPENDS_ON,0.5,OPTIONAL,5661.588683351469,
A12,A12,DEPENDS_ON,0.75,CRITICAL,8494.43561208267,
A11,A12,DEPENDS_ON,0.75,CRITICAL,8494.43561208267,
A40,A12,DEPENDS_ON,0.75,CRITICAL,8494.43561208267,
A6,A12,DEPENDS_ON,0.75,CRITICAL,8494.43561208267,
A35,A12,DEPENDS_ON,0.5,REQUIRED,8019.80198019802,
A34,A12,DEPENDS_ON,1.0,REQUIRED,43626.66666666667,
A24,A12,DEPENDS_ON,1.0,REQUIRED,43626.66666666667,
A32,A12,DEPENDS_ON,0.5,OPTIONAL,8628.407460545193,
A17,A12,DEPENDS_ON,0.5,OPTIONAL,8628.407460545193,
A47,A12,DEPENDS_ON,0.5,OPTIONAL,8628.407460545193,
A26,A12,DEPENDS_ON,0.5,OPTIONAL,8628.407460545193,
A5,A12,DEPENDS_ON,0.5,OPTIONAL,8628.407460545193,
A8,A12,DEPENDS_ON,0.5,OPTIONAL,8628.407460545193,
A31,A12,DEPENDS_ON,0.5,OPTIONAL,4763.513513513513,
A48,A12,DEPENDS_ON,0.5,OPTIONAL,4763.513513513513,
A13,A12,DEPENDS_ON,0.5,OPTIONAL,4763.513513513513,
A14,A12,DEPENDS_ON,0.5,OPTIONAL,4763.513513513513,
A46,A12,DEPENDS_ON,0.5,REQUIRED,8019.80198019802,
A1,A12,DEPENDS_ON,0.5,REQUIRED,8019.80198019802,
A20,A12,DEPENDS_ON,0.5,REQUIRED,8019.80198019802,
A18,A12,DEPENDS_ON,0.5,REQUIRED,8019.80198019802,
A9,A12,DEPENDS_ON,0.5,REQUIRED,8019.80198019802,
A49,A13,DEPENDS_ON,0.5,OPTIONAL,227578.94736842104,
A32,A13,DEPENDS_ON,0.75,OPTIONAL,9207.03125,
A40,A13,DEPENDS_ON,1.0,CRITICAL,14383.540372670808,
A29,A13,DEPENDS_ON,0.5,OPTIONAL,227578.94736842104,
A41,A13,DEPENDS_ON,0.5,OPTIONAL,227578.94736842104,
A4,A13,DEPENDS_ON,0.5,OPTIONAL,227578.94736842104,
A44,A13,DEPENDS_ON,1.0,CRITICAL,14383.540372670808,
A17,A13,DEPENDS_ON,1.0,CRITICAL,14383.540372670808,
A35,A13,DEPENDS_ON,1.0,REQUIRED,11209.713024282562,
A34,A13,DEPENDS_ON,1.0,REQUIRED,11209.713024282562,
A24,A13,DEPENDS_ON,1.0,REQUIRED,11209.713024282562,
A31,A13,DEPENDS_ON,0.5,REQUIRED,12872.570194384449,
A37,A13,DEPENDS_ON,0.5,REQUIRED,12872.570194384449,
A3,A13,DEPENDS_ON,0.5,REQUIRED,12872.570194384449,
A21,A13,DEPENDS_ON,0.5,REQUIRED,12872.570194384449,
A25,A13,DEPENDS_ON,0.5,REQUIRED,12872.570194384449,
A27,A13,DEPENDS_ON,0.75,OPTIONAL,9207.03125,
A15,A13,DEPENDS_ON,0.5,REQUIRED,12872.570194384449,
A47,A13,DEPENDS_ON,0.75,OPTIONAL,9207.03125,
A16,A13,DEPENDS_ON,0.75,OPTIONAL,9207.03125,
A6,A13,DEPENDS_ON,0.75,OPTIONAL,9207.03125,
A29,A14,DEPENDS_ON,0.75,REQUIRED,39330.097087378635,
A2,A14,DEPENDS_ON,0.75,REQUIRED,39330.097087378635,
A32,A14,DEPENDS_ON,0.75,REQUIRED,39330.097087378635,
A8,A14,DEPENDS_ON,0.75,REQUIRED,39330.097087378635,
A9,A14,DEPENDS_ON,0.75,REQUIRED,39330.097087378635,
A45,A14,DEPENDS_ON,0.75,REQUIRED,39330.097087378635,
A19,A14,DEPENDS_ON,0.75,REQUIRED,39330.097087378635,
A11,A14,DEPENDS_ON,0.75,CRITICAL,3815.3846153846157,
A12,A14,DEPENDS_ON,0.75,CRITICAL,3815.3846153846157,
A6,A14,DEPENDS_ON,0.75,CRITICAL,3815.3846153846157,
A16,A14,DEPENDS_ON,0.75,CRITICAL,3815.3846153846157,
A32,A15,DEPENDS_ON,0.75,REQUIRED,39166.66666666667,
A8,A15,DEPENDS_ON,0.75,REQUIRED,39166.66666666667,
A42,A15,DEPENDS_ON,0.5,OPTIONAL,10718.586387434554,
A46,A15,DEPENDS_ON,0.75,REQUIRED,39166.66666666667,
A10,A15,DEPENDS_ON,0.5,OPTIONAL,10718.586387434554,
A41,A15,DEPENDS_ON,0.75,CRITICAL,16765.748031496063,
A17,A15,DEPENDS_ON,1.0,CRITICAL,2155.367231638418,
A5,A15,DEPENDS_ON,0.5,OPTIONAL,10718.586387434554,
A18,A15,DEPENDS_ON,0.5,OPTIONAL,10718.586387434554,
A4,A15,DEPENDS_ON,0.5,OPTIONAL,10718.586387434554,
A44,A15,DEPENDS_ON,1.0,CRITICAL,2155.367231638418,
A40,A15,DEPENDS_ON,1.0,CRITICAL,2155.367231638418,
A19,A15,DEPENDS_ON,1.0,CRITICAL,11496.878901373282,
A6,A16,DEPENDS_ON,0.75,CRITICAL,3910.6280193236717,
A15,A16,DEPENDS_ON,0.5,REQUIRED,4092.1875,
A41,A16,DEPENDS_ON,0.75,CRITICAL,3910.6280193236717,
A44,A16,DEPENDS_ON,0.75,CRITICAL,3910.6280193236717,
A28,A16,DEPENDS_ON,0.75,CRITICAL,3910.6280193236717,
A7,A16,DEPENDS_ON,0.75,CRITICAL,3910.6280193236717,
A19,A16,DEPENDS_ON,0.75,CRITICAL,3910.6280193236717,
A31,A16,DEPENDS_ON,0.75,REQUIRED,8888.150609080842,
A37,A16,DEPENDS_ON,0.75,REQUIRED,20175.438596491225,
A3,A16,DEPENDS_ON,0.5,REQUIRED,4092.1875,
A21,A16,DEPENDS_ON,0.5,REQUIRED,4092.1875,
A25,A16,DEPENDS_ON,0.75,REQUIRED,20175.438596491225,
A27,A16,DEPENDS_ON,0.5,REQUIRED,19207.430340557275,
A34,A16,DEPENDS_ON,0.75,REQUIRED,8888.150609080842,
A24,A16,DEPENDS_ON,0.75,REQUIRED,8888.150609080842,
A38,A16,DEPENDS_ON,0.75,REQUIRED,8888.150609080842,
A36,A16,DEPENDS_ON,0.75,REQUIRED,8888.150609080842,
A30,A16,DEPENDS_ON,0.75,REQUIRED,20175.438596491225,
A40,A16,DEPENDS_ON,0.75,REQUIRED,20175.438596491225,
A49,A16,DEPENDS_ON,0.75,REQUIRED,20175.438596491225,
A43,A16,DEPENDS_ON,0.75,REQUIRED,20175.438596491225,
A15,A17,DEPENDS_ON,1.0,CRITICAL,11273.892773892774,
A47,A17,DEPENDS_ON,1.0,CRITICAL,11273.892773892774,
A8,A17,DEPENDS_ON,1.0,CRITICAL,11273.892773892774,
A49,A17,DEPENDS_ON,1.0,CRITICAL,11273.892773892774,
A21,A17,DEPENDS_ON,1.0,CRITICAL,11273.892773892774,
A13,A17,DEPENDS_ON,1.0,CRITICAL,11273.892773892774,
A36,A17,DEPENDS_ON,0.5,OPTIONAL,102094.33962264152,
A18,A17,DEPENDS_ON,0.5,OPTIONAL,102094.33962264152,
A1,A17,DEPENDS_ON,0.75,REQUIRED,6245.530393325387,
A39,A17,DEPENDS_ON,0.5,OPTIONAL,102094.33962264152,
A34,A17,DEPENDS_ON,0.5,OPTIONAL,102094.33962264152,
A45,A17,DEPENDS_ON,0.5,OPTIONAL,102094.33962264152,
A50,A17,DEPENDS_ON,0.5,OPTIONAL,102094.33962264152,
A11,A17,DEPENDS_ON,0.75,CRITICAL,12198.653198653199,
A12,A17,DEPENDS_ON,0.75,CRITICAL,12198.653198653199,
A6,A17,DEPENDS_ON,0.75,CRITICAL,12198.653198653199,
A16,A17,DEPENDS_ON,0.75,CRITICAL,12198.653198653199,
A48,A17,DEPENDS_ON,0.75,OPTIONAL,57842.767295597485,
A31,A17,DEPENDS_ON,0.75,OPTIONAL,57842.767295597485,
A19,A17,DEPENDS_ON,0.75,OPTIONAL,57842.767295597485,
A29,A18,DEPENDS_ON,0.75,REQUIRED,1018.1623931623932,
A2,A18,DEPENDS_ON,0.75,REQUIRED,267.8375411635566,
A32,A18,DEPENDS_ON,0.75,REQUIRED,1018.1623931623932,
A8,A18,DEPENDS_ON,0.75,REQUIRED,267.8375411635566,
A9,A18,DEPENDS_ON,0.75,REQUIRED,267.8375411635566,
A45,A18,DEPENDS_ON,0.75,REQUIRED,267.8375411635566,
A19,A18,DEPENDS_ON,0.75,REQUIRED,267.8375411635566,
A44,A18,DEPENDS_ON,0.75,CRITICAL,13832.88409703504,
A50,A18,DEPENDS_ON,0.75,OPTIONAL,8731.437598736176,
A1,A18,DEPENDS_ON,0.75,CRITICAL,13832.88409703504,
A37,A18,DEPENDS_ON,0.75,CRITICAL,13832.88409703504,
A12,A18,DEPENDS_ON,0.75,REQUIRED,8163.851351351352,
A35,A18,DEPENDS_ON,0.75,REQUIRED,1018.1623931623932,
A33,A18,DEPENDS_ON,0.75,REQUIRED,1018.1623931623932,
A49,A18,DEPENDS_ON,0.5,REQUIRED,4109.004739336493,
A38,A18,DEPENDS_ON,0.5,REQUIRED,4109.004739336493,
A34,A18,DEPENDS_ON,0.5,REQUIRED,4109.004739336493,
A15,A19,DEPENDS_ON,0.5,OPTIONAL,22140.71856287425,
A13,A19,DEPENDS_ON,0.5,OPTIONAL,22140.71856287425,
A19,A19,DEPENDS_ON,1.0,CRITICAL,10513.078470824948,
A7,A19,DEPENDS_ON,0.5,OPTIONAL,22140.71856287425,
A31,A19,DEPENDS_ON,0.75,CRITICAL,12084.905660377359,
A30,A19,DEPENDS_ON,0.5,OPTIONAL,19265.060240963856,
A27,A19,DEPENDS_ON,0.75,CRITICAL,10436.422413793105,
A48,A19,DEPENDS_ON,0.75,CRITICAL,10436.422413793105,
A18,A19,DEPENDS_ON,0.75,CRITICAL,10436.422413793105,
A16,A19,DEPENDS_ON,0.75,CRITICAL,10436.422413793105,
A29,A19,DEPENDS_ON,0.5,OPTIONAL,19265.060240963856,
A8,A19,DEPENDS_ON,0.5,OPTIONAL,19265.060240963856,
A47,A19,DEPENDS_ON,0.5,OPTIONAL,19265.060240963856,
A45,A19,DEPENDS_ON,0.5,OPTIONAL,19265.060240963856,
A26,A19,DEPENDS_ON,0.5,OPTIONAL,19265.060240963856,
A20,A19,DEPENDS_ON,0.5,OPTIONAL,19265.060240963856,
A45,A20,DEPENDS_ON,1.0,CRITICAL,3024.3902439024387,
A30,A20,DEPENDS_ON,1.0,CRITICAL,3024.3902439024387,
A28,A20,DEPENDS_ON,1.0,CRITICAL,3024.3902439024387,
A17,A20,DEPENDS_ON,1.0,CRITICAL,3024.3902439024387,
A24,A20,DEPENDS_ON,0.75,REQUIRED,2527.0684371807965,
A34,A20,DEPENDS_ON,0.75,REQUIRED,2527.0684371807965,
A38,A20,DEPENDS_ON,0.75,REQUIRED,2527.0684371807965,
A31,A20,DEPENDS_ON,0.75,REQUIRED,2527.0684371807965,
A36,A20,DEPENDS_ON,1.0,CRITICAL,8593.406593406593,
A7,A20,DEPENDS_ON,1.0,CRITICAL,6934.291581108829,
A49,A20,DEPENDS_ON,1.0,CRITICAL,8593.406593406593,
A4,A20,DEPENDS_ON,1.0,CRITICAL,12504.39146800502,
A37,A20,DEPENDS_ON,1.0,CRITICAL,12504.39146800502,
A14,A20,DEPENDS_ON,1.0,CRITICAL,12504.39146800502,
A40,A20,DEPENDS_ON,1.0,CRITICAL,12504.39146800502,
A41,A20,DEPENDS_ON,1.0,CRITICAL,12504.39146800502,
A3,A20,DEPENDS_ON,0.75,CRITICAL,10073.068893528185,
A15,A20,DEPENDS_ON,1.0,CRITICAL,6354.527938342967,
A47,A20,DEPENDS_ON,1.0,CRITICAL,6354.527938342967,
A8,A20,DEPENDS_ON,1.0,CRITICAL,6934.291581108829,
A21,A20,DEPENDS_ON,1.0,CRITICAL,6354.527938342967,
A13,A20,DEPENDS_ON,0.75,REQUIRED,22918.75,
A16,A20,DEPENDS_ON,1.0,CRITICAL,6934.291581108829,
A6,A20,DEPENDS_ON,1.0,CRITICAL,8593.406593406593,
A32,A20,DEPENDS_ON,1.0,CRITICAL,6934.291581108829,
A23,A21,DEPENDS_ON,0.75,OPTIONAL,6268.421052631578,
A24,A21,DEPENDS_ON,0.75,OPTIONAL,6268.421052631578,
A28,A21,DEPENDS_ON,0.75,OPTIONAL,6268.421052631578,
A19,A21,DEPENDS_ON,0.75,OPTIONAL,6268.421052631578,
A46,A21,DEPENDS_ON,0.75,CRITICAL,12828.99022801303,
A40,A21,DEPENDS_ON,0.75,CRITICAL,12828.99022801303,
A3,A21,DEPENDS_ON,0.75,CRITICAL,12828.99022801303,
A35,A21,DEPENDS_ON,0.75,CRITICAL,12828.99022801303,
A32,A21,DEPENDS_ON,0.75,CRITICAL,12828.99022801303,
A49,A21,DEPENDS_ON,0.75,CRITICAL,12828.99022801303,
A5,A21,DEPENDS_ON,0.75,CRITICAL,12828.99022801303,
A2,A21,DEPENDS_ON,1.0,CRITICAL,4694.373401534527,
A15,A21,DEPENDS_ON,1.0,CRITICAL,4694.373401534527,
A17,A21,DEPENDS_ON,1.0,CRITICAL,4694.373401534527,
A39,A21,DEPENDS_ON,1.0,CRITICAL,4694.373401534527,
A6,A21,DEPENDS_ON,1.0,CRITICAL,4694.373401534527,
A8,A21,DEPENDS_ON,1.0,REQUIRED,9310.262529832935,
A18,A22,DEPENDS_ON,0.5,OPTIONAL,26354.497354497355,
A36,A22,DEPENDS_ON,0.5,OPTIONAL,26354.497354497355,
A1,A22,DEPENDS_ON,0.75,REQUIRED,4062.883435582822,
A39,A22,DEPENDS_ON,0.5,OPTIONAL,26354.497354497355,
A34,A22,DEPENDS_ON,0.75,REQUIRED,4062.883435582822,
A45,A22,DEPENDS_ON,1.0,CRITICAL,2770.9251101321584,
A50,A22,DEPENDS_ON,0.5,OPTIONAL,26354.497354497355,
A30,A22,DEPENDS_ON,1.0,CRITICAL,2770.9251101321584,
A7,A22,DEPENDS_ON,0.75,REQUIRED,4062.883435582822,
A12,A22,DEPENDS_ON,0.5,REQUIRED,19341.846758349704,
A2,A22,DEPENDS_ON,0.5,REQUIRED,19341.846758349704,
A21,A22,DEPENDS_ON,0.5,REQUIRED,19341.846758349704,
A14,A22,DEPENDS_ON,0.5,REQUIRED,19341.846758349704,
A49,A22,DEPENDS_ON,0.5,REQUIRED,19341.846758349704,
A32,A22,DEPENDS_ON,0.5,OPTIONAL,2128.5714285714284,
A17,A22,DEPENDS_ON,0.5,OPTIONAL,2128.5714285714284,
A47,A22,DEPENDS_ON,0.5,OPTIONAL,2128.5714285714284,
A26,A22,DEPENDS_ON,0.5,OPTIONAL,2128.5714285714284,
A5,A22,DEPENDS_ON,1.0,CRITICAL,2770.9251101321584,
A8,A22,DEPENDS_ON,1.0,CRITICAL,2770.9251101321584,
A31,A22,DEPENDS_ON,0.5,OPTIONAL,2128.5714285714284,
A15,A22,DEPENDS_ON,1.0,CRITICAL,2770.9251101321584,
A44,A22,DEPENDS_ON,1.0,CRITICAL,2770.9251101321584,
A10,A22,DEPENDS_ON,1.0,CRITICAL,2770.9251101321584,
A30,A23,DEPENDS_ON,0.75,REQUIRED,9775.541795665635,
A22,A23,DEPENDS_ON,0.75,REQUIRED,9775.541795665635,
A45,A23,DEPENDS_ON,0.5,OPTIONAL,43950.61728395062,
A36,A23,DEPENDS_ON,0.5,OPTIONAL,9327.464788732395,
A18,A23,DEPENDS_ON,0.5,OPTIONAL,9327.464788732395,
A23,A23,DEPENDS_ON,0.75,REQUIRED,9775.541795665635,
A1,A23,DEPENDS_ON,0.5,OPTIONAL,9327.464788732395,
A39,A23,DEPENDS_ON,0.5,OPTIONAL,9327.464788732395,
A34,A23,DEPENDS_ON,0.5,OPTIONAL,9327.464788732395,
A50,A23,DEPENDS_ON,0.5,OPTIONAL,9327.464788732395,
A26,A23,DEPENDS_ON,0.5,OPTIONAL,43950.61728395062,
A19,A23,DEPENDS_ON,0.5,OPTIONAL,43950.61728395062,
A43,A23,DEPENDS_ON,0.5,OPTIONAL,43950.61728395062,
A2,A23,DEPENDS_ON,0.5,OPTIONAL,43950.61728395062,
A6,A24,DEPENDS_ON,0.75,REQUIRED,2480.9523809523807,
A27,A24,DEPENDS_ON,0.75,REQUIRED,2480.9523809523807,
A9,A24,DEPENDS_ON,0.5,REQUIRED,2776.162790697674,
A47,A24,DEPENDS_ON,0.75,REQUIRED,2480.9523809523807,
A19,A24,DEPENDS_ON,0.75,REQUIRED,2480.9523809523807,
A21,A24,DEPENDS_ON,0.75,REQUIRED,2480.9523809523807,
A46,A24,DEPENDS_ON,0.5,REQUIRED,2776.162790697674,
A35,A24,DEPENDS_ON,0.5,REQUIRED,2776.162790697674,
A1,A24,DEPENDS_ON,0.5,REQUIRED,2776.162790697674,
A20,A24,DEPENDS_ON,0.5,REQUIRED,2776.162790697674,
A18,A24,DEPENDS_ON,0.5,REQUIRED,2776.162790697674,
A49,A24,DEPENDS_ON,0.5,OPTIONAL,30377.48344370861,
A32,A24,DEPENDS_ON,0.5,OPTIONAL,30377.48344370861,
A40,A24,DEPENDS_ON,0.5,OPTIONAL,30377.48344370861,
A29,A24,DEPENDS_ON,0.5,OPTIONAL,30377.48344370861,
A41,A24,DEPENDS_ON,0.5,OPTIONAL,30377.48344370861,
A4,A24,DEPENDS_ON,0.5,OPTIONAL,30377.48344370861,
A13,A25,DEPENDS_ON,0.75,REQUIRED,9210.526315789473,
A39,A25,DEPENDS_ON,0.75,REQUIRED,9210.526315789473,
A33,A25,DEPENDS_ON,0.75,REQUIRED,9210.526315789473,
A9,A25,DEPENDS_ON,0.75,REQUIRED,9210.526315789473,
A48,A25,DEPENDS_ON,0.75,REQUIRED,9210.526315789473,
A16,A25,DEPENDS_ON,0.75,CRITICAL,18609.28433268859,
A37,A25,DEPENDS_ON,0.75,REQUIRED,376541.6666666666,
A25,A25,DEPENDS_ON,0.75,REQUIRED,2704.016913319239,
A24,A25,DEPENDS_ON,0.5,REQUIRED,4796.703296703297,
A43,A25,DEPENDS_ON,0.75,REQUIRED,2704.016913319239,
A30,A25,DEPENDS_ON,0.5,REQUIRED,4796.703296703297,
A32,A25,DEPENDS_ON,0.75,CRITICAL,18609.28433268859,
A38,A25,DEPENDS_ON,0.75,CRITICAL,18609.28433268859,
A44,A25,DEPENDS_ON,0.75,CRITICAL,18609.28433268859,
A42,A25,DEPENDS_ON,0.75,REQUIRED,2704.016913319239,
A10,A25,DEPENDS_ON,0.75,REQUIRED,2704.016913319239,
A36,A26,DEPENDS_ON,1.0,CRITICAL,26487.500000000004,
A24,A26,DEPENDS_ON,1.0,CRITICAL,26487.500000000004,
A6,A26,DEPENDS_ON,0.75,REQUIRED,46168.06722689076,
A30,A26,DEPENDS_ON,0.75,REQUIRED,46168.06722689076,
A21,A26,DEPENDS_ON,0.75,REQUIRED,46168.06722689076,
A17,A26,DEPENDS_ON,0.75,REQUIRED,46168.06722689076,
A3,A26,DEPENDS_ON,0.75,REQUIRED,46168.06722689076,
A43,A27,DEPENDS_ON,0.5,REQUIRED,20920.08639308855,
A21,A27,DEPENDS_ON,0.5,REQUIRED,20920.08639308855,
A22,A27,DEPENDS_ON,0.5,REQUIRED,20920.08639308855,
A39,A27,DEPENDS_ON,1.0,CRITICAL,5639.957264957265,
A3,A27,DEPENDS_ON,0.75,REQUIRED,12948.766603415559,
A45,A27,DEPENDS_ON,0.75,REQUIRED,12948.766603415559,
A31,A27,DEPENDS_ON,0.75,REQUIRED,12948.766603415559,
A29,A27,DEPENDS_ON,0.75,REQUIRED,12948.766603415559,
A19,A27,DEPENDS_ON,0.75,REQUIRED,12948.766603415559,
A18,A27,DEPENDS_ON,0.5,OPTIONAL,27865.030674846625,
A15,A27,DEPENDS_ON,1.0,CRITICAL,5639.957264957265,
A40,A27,DEPENDS_ON,1.0,CRITICAL,5639.957264957265,
A50,A27,DEPENDS_ON,1.0,CRITICAL,5639.957264957265,
A25,A27,DEPENDS_ON,1.0,CRITICAL,5639.957264957265,
A34,A27,DEPENDS_ON,1.0,CRITICAL,5639.957264957265,
A6,A28,DEPENDS_ON,1.0,CRITICAL,2281.045751633987,
A31,A28,DEPENDS_ON,1.0,CRITICAL,2281.045751633987,
A23,A28,DEPENDS_ON,0.75,REQUIRED,7939.820742637644,
A32,A28,DEPENDS_ON,1.0,CRITICAL,2281.045751633987,
A7,A28,DEPENDS_ON,1.0,CRITICAL,5748.724489795918,
A49,A28,DEPENDS_ON,1.0,CRITICAL,5748.724489795918,
A4,A28,DEPENDS_ON,1.0,CRITICAL,5748.724489795918,
A37,A28,DEPENDS_ON,1.0,CRITICAL,5748.724489795918,
A14,A28,DEPENDS_ON,1.0,CRITICAL,5748.724489795918,
A40,A28,DEPENDS_ON,1.0,CRITICAL,5748.724489795918,
A41,A28,DEPENDS_ON,1.0,CRITICAL,5748.724489795918,
A30,A28,DEPENDS_ON,0.75,REQUIRED,7939.820742637644,
A22,A28,DEPENDS_ON,0.75,REQUIRED,7939.820742637644,
A45,A28,DEPENDS_ON,0.75,REQUIRED,7939.820742637644,
A36,A28,DEPENDS_ON,0.75,REQUIRED,7939.820742637644,
A18,A28,DEPENDS_ON,0.75,REQUIRED,7939.820742637644,
A31,A29,DEPENDS_ON,0.75,REQUIRED,2563.8418079096045,
A23,A29,DEPENDS_ON,0.75,REQUIRED,2563.8418079096045,
A35,A29,DEPENDS_ON,0.75,REQUIRED,2563.8418079096045,
A22,A29,DEPENDS_ON,0.75,REQUIRED,2563.8418079096045,
A30,A29,DEPENDS_ON,0.75,REQUIRED,7625.183016105418,
A34,A29,DEPENDS_ON,0.75,REQUIRED,10660.25641025641,
A1,A29,DEPENDS_ON,0.75,REQUIRED,10660.25641025641,
A7,A29,DEPENDS_ON,0.75,REQUIRED,10660.25641025641,
A45,A29,DEPENDS_ON,0.5,OPTIONAL,64111.11111111111,
A6,A29,DEPENDS_ON,0.5,OPTIONAL,64111.11111111111,
A15,A29,DEPENDS_ON,0.5,OPTIONAL,64111.11111111111,
A2,A29,DEPENDS_ON,0.5,OPTIONAL,64111.11111111111,
A19,A29,DEPENDS_ON,0.5,OPTIONAL,64111.11111111111,
A26,A29,DEPENDS_ON,0.5,OPTIONAL,64111.11111111111,
A20,A29,DEPENDS_ON,0.5,OPTIONAL,10013.555787278416,
A29,A29,DEPENDS_ON,0.5,OPTIONAL,10013.555787278416,
A12,A29,DEPENDS_ON,0.75,REQUIRED,10115.384615384615,
A25,A29,DEPENDS_ON,0.75,REQUIRED,7625.183016105418,
A40,A29,DEPENDS_ON,0.75,REQUIRED,7625.183016105418,
A37,A29,DEPENDS_ON,0.75,REQUIRED,7625.183016105418,
A49,A29,DEPENDS_ON,0.75,REQUIRED,7625.183016105418,
A43,A29,DEPENDS_ON,0.75,REQUIRED,7625.183016105418,
A15,A30,DEPENDS_ON,0.75,REQUIRED,63040.0,
A41,A30,DEPENDS_ON,0.75,CRITICAL,14019.047619047618,
A17,A30,DEPENDS_ON,0.75,CRITICAL,14019.047619047618,
A44,A30,DEPENDS_ON,0.75,OPTIONAL,8061.728395061728,
A5,A30,DEPENDS_ON,0.75,OPTIONAL,8061.728395061728,
A35,A30,DEPENDS_ON,0.75,OPTIONAL,8061.728395061728,
A11,A30,DEPENDS_ON,0.75,OPTIONAL,8061.728395061728,
A23,A30,DEPENDS_ON,0.75,OPTIONAL,8061.728395061728,
A19,A30,DEPENDS_ON,0.75,OPTIONAL,8061.728395061728,
A29,A30,DEPENDS_ON,0.75,OPTIONAL,8061.728395061728,
A32,A30,DEPENDS_ON,0.75,REQUIRED,38242.42424242425,
A8,A30,DEPENDS_ON,1.0,CRITICAL,13716.911764705881,
A42,A30,DEPENDS_ON,1.0,CRITICAL,13716.911764705881,
A46,A30,DEPENDS_ON,0.75,REQUIRED,38242.42424242425,
A10,A30,DEPENDS_ON,0.75,REQUIRED,38242.42424242425,
A1,A30,DEPENDS_ON,0.75,REQUIRED,7894.080996884735,
A27,A30,DEPENDS_ON,1.0,CRITICAL,13716.911764705881,
A3,A30,DEPENDS_ON,1.0,CRITICAL,13716.911764705881,
A9,A30,DEPENDS_ON,1.0,CRITICAL,13716.911764705881,
A20,A30,DEPENDS_ON,1.0,CRITICAL,13716.911764705881,
A45,A30,DEPENDS_ON,1.0,CRITICAL,13716.911764705881,
A15,A31,DEPENDS_ON,0.75,REQUIRED,8598.159509202455,
A50,A31,DEPENDS_ON,0.75,REQUIRED,8598.159509202455,
A36,A31,DEPENDS_ON,0.75,REQUIRED,8598.159509202455,
A42,A31,DEPENDS_ON,0.5,REQUIRED,81327.27272727274,
A40,A31,DEPENDS_ON,0.75,REQUIRED,8598.159509202455,
A21,A31,DEPENDS_ON,0.75,REQUIRED,8598.159509202455,
A16,A31,DEPENDS_ON,0.75,REQUIRED,5341.787439613527,
A37,A31,DEPENDS_ON,0.75,REQUIRED,5341.787439613527,
A25,A31,DEPENDS_ON,0.75,REQUIRED,5341.787439613527,
A31,A31,DEPENDS_ON,0.75,CRITICAL,2769.4915254237285,
A29,A31,DEPENDS_ON,0.75,CRITICAL,2769.4915254237285,
A7,A32,DEPENDS_ON,1.0,CRITICAL,7535.0609756097565,
A1,A32,DEPENDS_ON,1.0,CRITICAL,7535.0609756097565,
A33,A32,DEPENDS_ON,0.75,REQUIRED,7286.9415807560135,
A38,A32,DEPENDS_ON,0.75,REQUIRED,7286.9415807560135,
A9,A32,DEPENDS_ON,0.75,REQUIRED,7286.9415807560135,
A3,A32,DEPENDS_ON,0.75,REQUIRED,7286.9415807560135,
A45,A32,DEPENDS_ON,0.5,OPTIONAL,4432.4324324324325,
A6,A32,DEPENDS_ON,0.5,OPTIONAL,4432.4324324324325,
A15,A32,DEPENDS_ON,0.5,OPTIONAL,4432.4324324324325,
A2,A32,DEPENDS_ON,0.5,OPTIONAL,4432.4324324324325,
A19,A32,DEPENDS_ON,0.5,OPTIONAL,4432.4324324324325,
A26,A32,DEPENDS_ON,0.5,OPTIONAL,4432.4324324324325,
A10,A32,DEPENDS_ON,1.0,CRITICAL,1280.6451612903224,
A31,A33,DEPENDS_ON,0.75,CRITICAL,1666.6666666666667,
A30,A33,DEPENDS_ON,0.5,REQUIRED,2222.052067381317,
A27,A33,DEPENDS_ON,0.5,REQUIRED,2222.052067381317,
A48,A33,DEPENDS_ON,0.75,CRITICAL,1666.6666666666667,
A18,A33,DEPENDS_ON,1.0,CRITICAL,11058.124174372524,
A16,A33,DEPENDS_ON,0.75,CRITICAL,1666.6666666666667,
A43,A33,DEPENDS_ON,0.5,REQUIRED,2222.052067381317,
A4,A33,DEPENDS_ON,0.5,REQUIRED,2222.052067381317,
A35,A33,DEPENDS_ON,0.5,REQUIRED,2222.052067381317,
A49,A34,DEPENDS_ON,0.5,OPTIONAL,10217.741935483871,
A32,A34,DEPENDS_ON,0.5,OPTIONAL,10217.741935483871,
A40,A34,DEPENDS_ON,0.5,OPTIONAL,10217.741935483871,
A29,A34,DEPENDS_ON,0.5,OPTIONAL,10217.741935483871,
A41,A34,DEPENDS_ON,0.5,OPTIONAL,10217.741935483871,
A4,A34,DEPENDS_ON,0.5,OPTIONAL,10217.741935483871,
A5,A35,DEPENDS_ON,0.5,OPTIONAL,8240.266963292546,
A18,A35,DEPENDS_ON,0.5,OPTIONAL,8240.266963292546,
A10,A35,DEPENDS_ON,0.5,OPTIONAL,8240.266963292546,
A4,A35,DEPENDS_ON,0.5,OPTIONAL,8240.266963292546,
A42,A35,DEPENDS_ON,0.5,OPTIONAL,8240.266963292546,
A45,A35,DEPENDS_ON,0.75,CRITICAL,10720.062208398134,
A49,A35,DEPENDS_ON,0.75,CRITICAL,10720.062208398134,
A24,A35,DEPENDS_ON,0.5,REQUIRED,8114.888628370458,
A43,A35,DEPENDS_ON,0.5,REQUIRED,8114.888628370458,
A30,A35,DEPENDS_ON,0.5,REQUIRED,40445.02617801047,
A21,A35,DEPENDS_ON,0.5,REQUIRED,40445.02617801047,
A25,A35,DEPENDS_ON,0.5,REQUIRED,40445.02617801047,
A13,A36,DEPENDS_ON,0.75,REQUIRED,92244.89795918367,
A39,A36,DEPENDS_ON,0.75,REQUIRED,92244.89795918367,
A33,A36,DEPENDS_ON,0.75,REQUIRED,92244.89795918367,
A9,A36,DEPENDS_ON,1.0,CRITICAL,23059.701492537315,
A48,A36,DEPENDS_ON,0.75,REQUIRED,92244.89795918367,
A29,A36,DEPENDS_ON,0.75,REQUIRED,4491.65402124431,
A2,A36,DEPENDS_ON,0.75,REQUIRED,4491.65402124431,
A32,A36,DEPENDS_ON,0.75,REQUIRED,4491.65402124431,
A8,A36,DEPENDS_ON,0.75,REQUIRED,4491.65402124431,
A45,A36,DEPENDS_ON,1.0,CRITICAL,23059.701492537315,
A19,A36,DEPENDS_ON,1.0,CRITICAL,23059.701492537315,
A6,A36,DEPENDS_ON,0.75,REQUIRED,610.2272727272727,
A30,A36,DEPENDS_ON,0.5,REQUIRED,23060.773480662985,
A21,A36,DEPENDS_ON,0.5,REQUIRED,23060.773480662985,
A17,A36,DEPENDS_ON,0.75,REQUIRED,610.2272727272727,
A3,A36,DEPENDS_ON,0.75,REQUIRED,610.2272727272727,
A25,A36,DEPENDS_ON,0.5,REQUIRED,23060.773480662985,
A16,A36,DEPENDS_ON,0.75,REQUIRED,22495.26066350711,
A11,A36,DEPENDS_ON,1.0,CRITICAL,9832.402234636871,
A41,A36,DEPENDS_ON,1.0,CRITICAL,23059.701492537315,
A31,A37,DEPENDS_ON,0.75,CRITICAL,10381.750465549349,
A29,A37,DEPENDS_ON,0.75,CRITICAL,10381.750465549349,
A38,A37,DEPENDS_ON,0.75,REQUIRED,6646.044624746451,
A10,A37,DEPENDS_ON,1.0,CRITICAL,15419.093851132688,
A41,A37,DEPENDS_ON,1.0,CRITICAL,15419.093851132688,
A37,A37,DEPENDS_ON,1.0,CRITICAL,15419.093851132688,
A44,A37,DEPENDS_ON,1.0,CRITICAL,15419.093851132688,
A4,A37,DEPENDS_ON,1.0,CRITICAL,15419.093851132688,
A26,A37,DEPENDS_ON,0.5,OPTIONAL,4089.4039735099336,
A45,A37,DEPENDS_ON,0.5,OPTIONAL,4089.4039735099336,
A19,A37,DEPENDS_ON,0.5,OPTIONAL,4089.4039735099336,
A43,A37,DEPENDS_ON,0.5,OPTIONAL,4089.4039735099336,
A2,A37,DEPENDS_ON,0.5,OPTIONAL,4089.4039735099336,
A12,A37,DEPENDS_ON,0.75,CRITICAL,6314.647377938518,
A11,A37,DEPENDS_ON,0.75,CRITICAL,6314.647377938518,
A40,A37,DEPENDS_ON,0.75,CRITICAL,6314.647377938518,
A6,A37,DEPENDS_ON,0.75,CRITICAL,6314.647377938518,
A6,A38,DEPENDS_ON,1.0,CRITICAL,249545.45454545453,
A27,A38,DEPENDS_ON,0.75,REQUIRED,17114.285714285714,
A9,A38,DEPENDS_ON,0.75,REQUIRED,17114.285714285714,
A47,A38,DEPENDS_ON,0.75,REQUIRED,17114.285714285714,
A19,A38,DEPENDS_ON,0.75,REQUIRED,17114.285714285714,
A21,A38,DEPENDS_ON,0.75,REQUIRED,17114.285714285714,
A10,A38,DEPENDS_ON,1.0,CRITICAL,12226.016260162602,
A45,A38,DEPENDS_ON,1.0,CRITICAL,126707.69230769231,
A30,A38,DEPENDS_ON,1.0,CRITICAL,126707.69230769231,
A28,A38,DEPENDS_ON,0.75,REQUIRED,17252.35849056604,
A17,A38,DEPENDS_ON,1.0,CRITICAL,126707.69230769231,
A31,A38,DEPENDS_ON,1.0,CRITICAL,249545.45454545453,
A23,A38,DEPENDS_ON,1.0,CRITICAL,249545.45454545453,
A32,A38,DEPENDS_ON,1.0,CRITICAL,249545.45454545453,
A13,A38,DEPENDS_ON,0.75,REQUIRED,17252.35849056604,
A7,A38,DEPENDS_ON,1.0,CRITICAL,6911.222780569515,
A24,A38,DEPENDS_ON,0.75,OPTIONAL,9965.680473372782,
A15,A38,DEPENDS_ON,0.75,OPTIONAL,9965.680473372782,
A44,A38,DEPENDS_ON,0.75,OPTIONAL,9965.680473372782,
A41,A38,DEPENDS_ON,1.0,CRITICAL,6911.222780569515,
A25,A38,DEPENDS_ON,0.75,OPTIONAL,9965.680473372782,
A49,A38,DEPENDS_ON,1.0,CRITICAL,6911.222780569515,
A4,A38,DEPENDS_ON,1.0,CRITICAL,6911.222780569515,
A37,A38,DEPENDS_ON,1.0,CRITICAL,6911.222780569515,
A14,A38,DEPENDS_ON,1.0,CRITICAL,6911.222780569515,
A40,A38,DEPENDS_ON,1.0,CRITICAL,6911.222780569515,
A15,A39,DEPENDS_ON,0.5,OPTIONAL,13570.977917981072,
A13,A39,DEPENDS_ON,0.5,OPTIONAL,13709.677419354837,
A19,A39,DEPENDS_ON,0.5,OPTIONAL,13570.977917981072,
A7,A39,DEPENDS_ON,0.5,OPTIONAL,13709.677419354837,
A23,A39,DEPENDS_ON,0.5,OPTIONAL,13570.977917981072,
A32,A39,DEPENDS_ON,0.5,OPTIONAL,13570.977917981072,
A39,A39,DEPENDS_ON,0.5,OPTIONAL,13570.977917981072,
A48,A39,DEPENDS_ON,0.5,OPTIONAL,13570.977917981072,
A3,A39,DEPENDS_ON,0.75,REQUIRED,1866.120218579235,
A28,A39,DEPENDS_ON,0.75,REQUIRED,1866.120218579235,
A32,A40,DEPENDS_ON,0.75,CRITICAL,10963.464140730717,
A16,A40,DEPENDS_ON,0.75,CRITICAL,10963.464140730717,
A38,A40,DEPENDS_ON,0.75,CRITICAL,10963.464140730717,
A44,A40,DEPENDS_ON,0.75,CRITICAL,10963.464140730717,
A20,A41,DEPENDS_ON,1.0,CRITICAL,19559.139784946234,
A3,A41,DEPENDS_ON,0.75,CRITICAL,6374.60815047022,
A29,A41,DEPENDS_ON,1.0,CRITICAL,27441.86046511628,
A39,A41,DEPENDS_ON,0.75,CRITICAL,10266.666666666668,
A16,A41,DEPENDS_ON,0.75,CRITICAL,10266.666666666668,
A27,A41,DEPENDS_ON,1.0,CRITICAL,19559.139784946234,
A42,A41,DEPENDS_ON,1.0,CRITICAL,19559.139784946234,
A8,A41,DEPENDS_ON,1.0,CRITICAL,19559.139784946234,
A9,A41,DEPENDS_ON,1.0,CRITICAL,19559.139784946234,
A45,A41,DEPENDS_ON,1.0,CRITICAL,16752.94117647059,
A44,A41,DEPENDS_ON,0.75,CRITICAL,37408.88888888889,
A40,A41,DEPENDS_ON,0.75,CRITICAL,6374.60815047022,
A17,A41,DEPENDS_ON,1.0,CRITICAL,16752.94117647059,
A30,A41,DEPENDS_ON,1.0,CRITICAL,16752.94117647059,
A28,A41,DEPENDS_ON,0.75,CRITICAL,37408.88888888889,
A46,A41,DEPENDS_ON,0.75,CRITICAL,6374.60815047022,
A35,A41,DEPENDS_ON,0.75,CRITICAL,6374.60815047022,
A32,A41,DEPENDS_ON,1.0,CRITICAL,8770.253929866989,
A49,A41,DEPENDS_ON,0.75,CRITICAL,6374.60815047022,
A5,A41,DEPENDS_ON,0.75,CRITICAL,6374.60815047022,
A6,A41,DEPENDS_ON,0.75,CRITICAL,37408.88888888889,
A31,A41,DEPENDS_ON,1.0,CRITICAL,8770.253929866989,
A23,A41,DEPENDS_ON,1.0,CRITICAL,8770.253929866989,
A15,A41,DEPENDS_ON,0.75,CRITICAL,37408.88888888889,
A41,A41,DEPENDS_ON,0.75,CRITICAL,37408.88888888889,
A7,A41,DEPENDS_ON,0.75,CRITICAL,37408.88888888889,
A19,A41,DEPENDS_ON,0.75,CRITICAL,37408.88888888889,
A6,A42,DEPENDS_ON,0.5,REQUIRED,3292.604501607717,
A22,A42,DEPENDS_ON,0.75,REQUIRED,68563.38028169014,
A35,A42,DEPENDS_ON,0.5,REQUIRED,3292.604501607717,
A25,A42,DEPENDS_ON,0.5,REQUIRED,3292.604501607717,
A44,A42,DEPENDS_ON,0.5,REQUIRED,3292.604501607717,
A20,A42,DEPENDS_ON,1.0,CRITICAL,41051.72413793103,
A3,A42,DEPENDS_ON,1.0,CRITICAL,41051.72413793103,
A29,A42,DEPENDS_ON,1.0,CRITICAL,41051.72413793103,
A10,A42,DEPENDS_ON,0.75,REQUIRED,68563.38028169014,
A17,A42,DEPENDS_ON,0.75,REQUIRED,68563.38028169014,
A31,A42,DEPENDS_ON,0.75,REQUIRED,68563.38028169014,
A40,A42,DEPENDS_ON,0.75,REQUIRED,68563.38028169014,
A26,A42,DEPENDS_ON,0.75,REQUIRED,68563.38028169014,
A5,A42,DEPENDS_ON,0.75,REQUIRED,68563.38028169014,
A1,A43,DEPENDS_ON,0.75,REQUIRED,7815.631262525049,
A13,A43,DEPENDS_ON,0.75,REQUIRED,11886.59793814433,
A28,A43,DEPENDS_ON,0.75,REQUIRED,11886.59793814433,
A10,A43,DEPENDS_ON,1.0,CRITICAL,81619.04761904762,
A24,A43,DEPENDS_ON,0.75,REQUIRED,4072.139303482587,
A34,A43,DEPENDS_ON,0.75,REQUIRED,4072.139303482587,
A38,A43,DEPENDS_ON,0.75,REQUIRED,4072.139303482587,
A31,A43,DEPENDS_ON,0.75,REQUIRED,4072.139303482587,
A36,A43,DEPENDS_ON,0.75,REQUIRED,4072.139303482587,
A11,A43,DEPENDS_ON,0.75,CRITICAL,5730.7692307692305,
A12,A43,DEPENDS_ON,0.75,CRITICAL,5730.7692307692305,
A6,A43,DEPENDS_ON,0.75,CRITICAL,5730.7692307692305,
A16,A43,DEPENDS_ON,0.75,CRITICAL,5730.7692307692305,
A38,A44,DEPENDS_ON,0.75,REQUIRED,3887.434554973822,
A12,A44,DEPENDS_ON,0.75,REQUIRED,3265.2582159624417,
A11,A44,DEPENDS_ON,0.75,CRITICAL,4691.075514874142,
A40,A44,DEPENDS_ON,0.75,CRITICAL,4691.075514874142,
A6,A44,DEPENDS_ON,0.75,CRITICAL,4691.075514874142,
A37,A44,DEPENDS_ON,0.75,REQUIRED,3265.2582159624417,
A18,A44,DEPENDS_ON,0.75,REQUIRED,3265.2582159624417,
A31,A44,DEPENDS_ON,0.75,REQUIRED,3265.2582159624417,
A42,A44,DEPENDS_ON,0.75,REQUIRED,3265.2582159624417,
A34,A44,DEPENDS_ON,0.75,REQUIRED,3265.2582159624417,
A3,A44,DEPENDS_ON,0.75,REQUIRED,3265.2582159624417,
A44,A44,DEPENDS_ON,0.75,REQUIRED,14578.31325301205,
A17,A44,DEPENDS_ON,0.75,REQUIRED,14578.31325301205,
A42,A45,DEPENDS_ON,0.5,REQUIRED,17547.348484848484,
A15,A45,DEPENDS_ON,0.5,REQUIRED,6965.6488549618325,
A41,A45,DEPENDS_ON,0.75,REQUIRED,66132.8125,
A17,A45,DEPENDS_ON,0.75,REQUIRED,66132.8125,
A44,A45,DEPENDS_ON,0.75,REQUIRED,66132.8125,
A31,A45,DEPENDS_ON,0.5,REQUIRED,6965.6488549618325,
A37,A45,DEPENDS_ON,0.5,REQUIRED,6965.6488549618325,
A3,A45,DEPENDS_ON,0.5,REQUIRED,6965.6488549618325,
A21,A45,DEPENDS_ON,0.5,REQUIRED,6965.6488549618325,
A25,A45,DEPENDS_ON,0.5,REQUIRED,6965.6488549618325,
A27,A45,DEPENDS_ON,0.75,REQUIRED,11247.838616714696,
A47,A45,DEPENDS_ON,0.75,REQUIRED,11247.838616714696,
A38,A45,DEPENDS_ON,0.75,REQUIRED,11247.838616714696,
A48,A45,DEPENDS_ON,0.75,REQUIRED,11247.838616714696,
A35,A45,DEPENDS_ON,0.75,REQUIRED,11247.838616714696,
A19,A46,DEPENDS_ON,0.5,OPTIONAL,18950.819672131147,
A45,A46,DEPENDS_ON,1.0,CRITICAL,18746.130030959754,
A6,A46,DEPENDS_ON,0.5,REQUIRED,13492.610837438424,
A15,A46,DEPENDS_ON,0.5,OPTIONAL,18950.819672131147,
A2,A46,DEPENDS_ON,0.5,OPTIONAL,18950.819672131147,
A26,A46,DEPENDS_ON,0.5,OPTIONAL,18950.819672131147,
A31,A46,DEPENDS_ON,0.75,CRITICAL,12091.29814550642,
A30,A46,DEPENDS_ON,0.75,CRITICAL,12091.29814550642,
A27,A46,DEPENDS_ON,0.5,REQUIRED,13492.610837438424,
A48,A46,DEPENDS_ON,0.5,REQUIRED,13492.610837438424,
A18,A46,DEPENDS_ON,0.75,CRITICAL,12091.29814550642,
A16,A46,DEPENDS_ON,0.75,CRITICAL,12091.29814550642,
A11,A46,DEPENDS_ON,1.0,CRITICAL,18746.130030959754,
A20,A46,DEPENDS_ON,0.5,REQUIRED,13492.610837438424,
A1,A46,DEPENDS_ON,0.5,REQUIRED,13492.610837438424,
A36,A46,DEPENDS_ON,0.5,REQUIRED,13492.610837438424,
A42,A46,DEPENDS_ON,0.75,REQUIRED,29542.483660130718,
A25,A46,DEPENDS_ON,0.75,REQUIRED,29542.483660130718,
A10,A46,DEPENDS_ON,0.75,REQUIRED,29542.483660130718,
A43,A46,DEPENDS_ON,0.75,REQUIRED,29542.483660130718,
A29,A46,DEPENDS_ON,1.0,CRITICAL,18746.130030959754,
A49,A47,DEPENDS_ON,0.5,REQUIRED,25337.5,
A38,A47,DEPENDS_ON,0.5,REQUIRED,25337.5,
A34,A47,DEPENDS_ON,0.5,REQUIRED,25337.5,
A27,A47,DEPENDS_ON,0.75,REQUIRED,16965.770171149146,
A45,A48,DEPENDS_ON,0.75,REQUIRED,51860.13986013986,
A49,A48,DEPENDS_ON,0.75,CRITICAL,20107.416879795397,
A44,A48,DEPENDS_ON,0.75,REQUIRED,2548.387096774193,
A17,A48,DEPENDS_ON,1.0,CRITICAL,10144.23076923077,
A27,A48,DEPENDS_ON,0.75,REQUIRED,1514.6886016451233,
A47,A48,DEPENDS_ON,0.75,REQUIRED,1514.6886016451233,
A38,A48,DEPENDS_ON,0.75,REQUIRED,1514.6886016451233,
A48,A48,DEPENDS_ON,0.5,OPTIONAL,862.3115577889447,
A35,A48,DEPENDS_ON,0.75,REQUIRED,1514.6886016451233,
A30,A48,DEPENDS_ON,0.75,REQUIRED,51860.13986013986,
A22,A48,DEPENDS_ON,0.75,REQUIRED,51860.13986013986,
A36,A48,DEPENDS_ON,0.75,REQUIRED,51860.13986013986,
A18,A48,DEPENDS_ON,0.75,REQUIRED,51860.13986013986,
A23,A48,DEPENDS_ON,0.5,OPTIONAL,862.3115577889447,
A32,A48,DEPENDS_ON,0.5,OPTIONAL,862.3115577889447,
A19,A48,DEPENDS_ON,0.5,OPTIONAL,862.3115577889447,
A39,A48,DEPENDS_ON,1.0,CRITICAL,10144.23076923077,
A15,A48,DEPENDS_ON,1.0,CRITICAL,10144.23076923077,
A2,A48,DEPENDS_ON,1.0,CRITICAL,10144.23076923077,
A6,A48,DEPENDS_ON,1.0,CRITICAL,10144.23076923077,
A6,A49,DEPENDS_ON,0.75,REQUIRED,3981.9458375125378,
A30,A49,DEPENDS_ON,0.5,REQUIRED,37740.0,
A21,A49,DEPENDS_ON,0.5,REQUIRED,37740.0,
A17,A49,DEPENDS_ON,0.75,REQUIRED,3981.9458375125378,
A3,A49,DEPENDS_ON,0.75,REQUIRED,33818.89763779528,
A25,A49,DEPENDS_ON,0.5,REQUIRED,37740.0,
A37,A49,DEPENDS_ON,0.75,REQUIRED,33818.89763779528,
A18,A49,DEPENDS_ON,0.75,REQUIRED,33818.89763779528,
A31,A49,DEPENDS_ON,0.75,REQUIRED,33818.89763779528,
A42,A49,DEPENDS_ON,0.75,REQUIRED,33818.89763779528,
A34,A49,DEPENDS_ON,0.75,REQUIRED,33818.89763779528,
A12,A49,DEPENDS_ON,0.75,REQUIRED,33818.89763779528,
A7,A49,DEPENDS_ON,0.5,REQUIRED,31398.14814814815,
A1,A49,DEPENDS_ON,1.0,CRITICAL,11303.529411764706,
A44,A49,DEPENDS_ON,0.5,REQUIRED,31398.14814814815,
A9,A49,DEPENDS_ON,0.5,REQUIRED,31398.14814814815,
A43,A49,DEPENDS_ON,0.5,REQUIRED,31398.14814814815,
A47,A49,DEPENDS_ON,0.5,REQUIRED,31398.14814814815,
A41,A49,DEPENDS_ON,0.5,REQUIRED,31398.14814814815,
A16,A49,DEPENDS_ON,0.75,REQUIRED,49896.551724137935,
A26,A50,DEPENDS_ON,0.5,OPTIONAL,6696.6966966966975,
N6,N1,CONNECTS_TO,,1.0,,1.0
N9,N1,CONNECTS_TO,,1.0,,1.0
N10,N1,CONNECTS_TO,,1.0,,5.0
N3,N1,CONNECTS_TO,,1.0,,5.0
N5,N1,CONNECTS_TO,,1.0,,1.0
N4,N1,CONNECTS_TO,,1.0,,1.0
N8,N1,CONNECTS_TO,,1.0,,5.0
N2,N1,CONNECTS_TO,,1.0,,1.0
N7,N1,CONNECTS_TO,,1.0,,1.0
N6,N2,CONNECTS_TO,,1.0,,1.0
N7,N2,CONNECTS_TO,,1.0,,1.0
N3,N2,CONNECTS_TO,,1.0,,1.0
N10,N2,CONNECTS_TO,,1.0,,1.0
N1,N2,CONNECTS_TO,,1.0,,1.0
N4,N2,CONNECTS_TO,,1.0,,1.0
N8,N2,CONNECTS_TO,,1.0,,1.0
N5,N2,CONNECTS_TO,,1.0,,1.0
N9,N2,CONNECTS_TO,,1.0,,1.0
N8,N3,CONNECTS_TO,,1.0,,1.0
N9,N3,CONNECTS_TO,,1.0,,1.0
N2,N3,CONNECTS_TO,,1.0,,1.0
N6,N3,CONNECTS_TO,,1.0,,1.0
N7,N3,CONNECTS_TO,,1.0,,5.0
N4,N3,CONNECTS_TO,,1.0,,1.0
N10,N3,CONNECTS_TO,,1.0,,1.0
N1,N3,CONNECTS_TO,,1.0,,5.0
N5,N3,CONNECTS_TO,,1.0,,1.0
N2,N4,CONNECTS_TO,,1.0,,1.0
N9,N4,CONNECTS_TO,,1.0,,1.0
N8,N4,CONNECTS_TO,,1.0,,1.0
N1,N4,CONNECTS_TO,,1.0,,1.0
N6,N4,CONNECTS_TO,,1.0,,1.0
N5,N4,CONNECTS_TO,,1.0,,1.0
N3,N4,CONNECTS_TO,,1.0,,5.0
N7,N4,CONNECTS_TO,,1.0,,1.0
N10,N4,CONNECTS_TO,,1.0,,5.0
N4,N5,CONNECTS_TO,,1.0,,1.0
N8,N5,CONNECTS_TO,,1.0,,5.0
N7,N5,CONNECTS_TO,,1.0,,1.0
N9,N5,CONNECTS_TO,,1.0,,1.0
N2,N5,CONNECTS_TO,,1.0,,1.0
N10,N5,CONNECTS_TO,,1.0,,1.0
N3,N5,CONNECTS_TO,,1.0,,5.0
N1,N5,CONNECTS_TO,,1.0,,1.0
N6,N5,CONNECTS_TO,,1.0,,1.0
N2,N6,CONNECTS_TO,,1.0,,1.0
N7,N6,CONNECTS_TO,,1.0,,5.0
N3,N6,CONNECTS_TO,,1.0,,5.0
N5,N6,CONNECTS_TO,,1.0,,1.0
N4,N6,CONNECTS_TO,,1.0,,1.0
N8,N6,CONNECTS_TO,,1.0,,1.0
N10,N6,CONNECTS_TO,,1.0,,5.0
N1,N6,CONNECTS_TO,,1.0,,5.0
N9,N6,CONNECTS_TO,,1.0,,1.0
N2,N7,CONNECTS_TO,,1.0,,1.0
N4,N7,CONNECTS_TO,,1.0,,1.0
N5,N7,CONNECTS_TO,,1.0,,1.0
N6,N7,CONNECTS_TO,,1.0,,1.0
N1,N7,CONNECTS_TO,,1.0,,1.0
N10,N7,CONNECTS_TO,,1.0,,1.0
N8,N7,CONNECTS_TO,,1.0,,1.0
N9,N7,CONNECTS_TO,,1.0,,5.0
N3,N7,CONNECTS_TO,,1.0,,1.0
N2,N8,CONNECTS_TO,,1.0,,1.0
N4,N8,CONNECTS_TO,,1.0,,1.0
N9,N8,CONNECTS_TO,,1.0,,1.0
N1,N8,CONNECTS_TO,,1.0,,1.0
N6,N8,CONNECTS_TO,,1.0,,1.0
N5,N8,CONNECTS_TO,,1.0,,1.0
N3,N8,CONNECTS_TO,,1.0,,1.0
N10,N8,CONNECTS_TO,,1.0,,5.0
N7,N8,CONNECTS_TO,,1.0,,1.0
N10,N9,CONNECTS_TO,,1.0,,5.0
N2,N9,CONNECTS_TO,,1.0,,5.0
N4,N9,CONNECTS_TO,,1.0,,5.0
N6,N9,CONNECTS_TO,,1.0,,1.0
N8,N9,CONNECTS_TO,,1.0,,5.0
N3,N9,CONNECTS_TO,,1.0,,5.0
N7,N9,CONNECTS_TO,,1.0,,1.0
N5,N9,CONNECTS_TO,,1.0,,1.0
N1,N9,CONNECTS_TO,,1.0,,1.0
N2,N10,CONNECTS_TO,,1.0,,1.0
N7,N10,CONNECTS_TO,,1.0,,1.0
N8,N10,CONNECTS_TO,,1.0,,5.0
N9,N10,CONNECTS_TO,,1.0,,1.0
N1,N10,CONNECTS_TO,,1.0,,5.0
N6,N10,CONNECTS_TO,,1.0,,5.0
N3,N10,CONNECTS_TO,,1.0,,1.0
N5,N10,CONNECTS_TO,,1.0,,1.0
N4,N10,CONNECTS_TO,,1.0,,1.0
